Appliances-Score,Appliances-Text,Appliances-Text_Negative,Appliances-Text_Neutral,Appliances-Text_Positive,Appliances_label
,fthg,0.3729844093,0.4980672598,0.1289483756,
,,0.2395021617,0.5281888247,0.0,
,,0.2395021617,0.5281888247,0.0,
,as,0.2486780584,0.5211014748,0.2302204221,
7.0,dfgdfgdfg,0.4389230907,0.4884407818,0.0726361796,Detractor
,cxvxcv,0.2275469303,0.5740814805,0.1983716339,
,,0.2395021617,0.5281888247,0.0,
,,0.2395021617,0.5281888247,0.0,
,123,,,,
9.0,23,,,,
9.0,hjhjhj,0.1718549132,0.7170999646,0.1110451519,Revised Detractor
7.0,9+++,0.0661236793,0.7972933054,0.1365830153,Detractor
6.0,nknk,0.2657080293,0.5271977186,0.2070943117,Detractor
,,0.2395021617,0.5281888247,0.0,
9.0,asas,0.2611137033,0.5221974254,0.2166889012,Revised Detractor
,,0.2395021617,0.5281888247,0.0,
9.0,jdjjdjdjjd,0.2284929156,0.6759001017,0.0956069604,Revised Detractor
,,0.2395021617,0.5281888247,0.0,
9.0,daw,0.2664657831,0.5106932521,0.2228410095,Revised Detractor
6.0,Nothing,0.3022766709,0.5676094294,0.1301138997,Detractor
,,0.2395021617,0.5281888247,0.0,
,,0.2395021617,0.5281888247,0.0,
,,0.2395021617,0.5281888247,0.0,
8.0,good product,0.0112398714,0.101536274,0.8872238398,Promoter
7.0,because of its durability,0.064947769,0.7046868801,0.2303652912,Detractor
,,0.2395021617,0.5281888247,0.0,
9.0,It is a premium brand .,0.0254012048,0.6194480658,0.3551506698,Revised Detractor
,,0.2395021617,0.5281888247,0.0,
,,0.2395021617,0.5281888247,0.0,
6.0,this is what I heard about it,0.0970541015,0.8383054137,0.0646404773,Detractor
,,0.2395021617,0.5281888247,0.0,
,,0.2395021617,0.5281888247,0.0,
,,0.2395021617,0.5281888247,0.0,
7.0,Service & availability is poor.,0.9186304212,0.0749142915,0.0064552655,Detractor
,,0.2395021617,0.5281888247,0.0,
8.0,It is best quality products ,0.0115446784,0.1374004185,0.8510549068,Promoter
,,0.2395021617,0.5281888247,0.0,
,,0.2395021617,0.5281888247,0.0,
2.0,"Because it is bad
",0.9087895155,0.084595792,0.0066146711,Detractor
,,0.2395021617,0.5281888247,0.0,
9.0,Because it is a very good company and i like this compaany very much,0.0014893916,0.0106189512,0.987891674,Promoter
,,0.2395021617,0.5281888247,0.0,
5.0,"because of it's after sales services, not having wide range of products",0.6591442227,0.3218935728,0.0189622417,Detractor
9.0,7,,,,
7.0,Because I have used it's products and according to my experience I have rated it,0.0483225733,0.7432749271,0.2084024996,Detractor
9.0,I prefer other brands,0.0794794932,0.6071377993,0.313382715,Revised Detractor
8.0,"I heard from my friend, personally don't used.",0.2388327569,0.7205391526,0.0406281501,Detractor
8.0,Their products are good but lack in finish look.,0.3575182259,0.4331766069,0.209305197,Detractor
10.0,it is a reputed company,0.0723135248,0.8190432191,0.1086433157,Revised Detractor
9.0,Vdvdv dvdvdv fbfbfb f fbdvdvcfbfbd C fbfh,0.1960713565,0.7306421995,0.0732864067,Revised Detractor
,,0.2395021617,0.5281888247,0.0,
9.0,Its a great brand and I love the locks and I have so many furnitres ,0.0016767646,0.0096097495,0.9887135029,Promoter
10.0,Because I satisfied with thieir products ,0.0205603037,0.2783353627,0.7011043429,Promoter
8.0,It is trustworthy brand and it is in market for longer time,0.0041188886,0.233006373,0.7628747225,Promoter
9.0,Its worth,0.0661995858,0.587826848,0.3459735811,Revised Detractor
,,0.2395021617,0.5281888247,0.0,
,,0.2395021617,0.5281888247,0.0,
6.0,I'm not interested in that brand ,0.8962250352,0.096389547,0.0073854239,Detractor
,,0.2395021617,0.5281888247,0.0,
,,0.2395021617,0.5281888247,0.0,
,,0.2395021617,0.5281888247,0.0,
,,0.2395021617,0.5281888247,0.0,
,,0.2395021617,0.5281888247,0.0,
,,0.2395021617,0.5281888247,0.0,
,,0.2395021617,0.5281888247,0.0,
,,0.2395021617,0.5281888247,0.0,
,,0.2395021617,0.5281888247,0.0,
,,0.2395021617,0.5281888247,0.0,
,,0.2395021617,0.5281888247,0.0,
,,0.2395021617,0.5281888247,0.0,
,,0.2395021617,0.5281888247,0.0,
10.0,I like the quality of their products.,0.0047049569,0.0527970083,0.9424980879,Promoter
10.0,Since childhood my life revolves around godrej brand products n every indian household is dependent on this brand n fortunately it's international brand now,0.0236819629,0.4155109227,0.5608071089,Promoter
9.0,ITS NOT THAT PREMIUM.,0.5915668011,0.3669972718,0.0414359346,Revised Detractor
,,0.2395021617,0.5281888247,0.0,
,,0.2395021617,0.5281888247,0.0,
,,0.2395021617,0.5281888247,0.0,
,,0.2395021617,0.5281888247,0.0,
10.0,Well designed good qulity nice looks easy to use ,0.0049081608,0.0403760225,0.954715848,Promoter
10.0,quality of product is good,0.0061393278,0.0626186803,0.9312419295,Promoter
7.0,6,,,,
8.0,Good tho,0.014910372,0.2311340719,0.7539556026,Promoter
9.0,This is best products brand experience with me ,0.0025794846,0.0359313823,0.961489141,Promoter
9.0,Because godrej is trusted and valuable brand it's provoid best products,0.0037215012,0.091568917,0.904709518,Promoter
8.0,It's very reliable and efficient ,0.0041409,0.0821519941,0.9137071371,Promoter
,,0.2395021617,0.5281888247,0.0,
,,0.2395021617,0.5281888247,0.0,
,,0.2395021617,0.5281888247,0.0,
10.0,Because I like its products and services so badly ,0.1848511994,0.3085160851,0.5066326857,Promoter
,,0.2395021617,0.5281888247,0.0,
,,0.2395021617,0.5281888247,0.0,
,,0.2395021617,0.5281888247,0.0,
5.0,Godrej is best and friendly brand ,0.0039242627,0.1013220549,0.8947536349,Revised Promoter
,,0.2395021617,0.5281888247,0.0,
,,0.2395021617,0.5281888247,0.0,
,,0.2395021617,0.5281888247,0.0,
,,0.2395021617,0.5281888247,0.0,
0.0,Godrej is not have good reviews and features,0.6017704606,0.3685463071,0.0296831671,Detractor
,,0.2395021617,0.5281888247,0.0,
,,0.2395021617,0.5281888247,0.0,
,,0.2395021617,0.5281888247,0.0,
,,0.2395021617,0.5281888247,0.0,
,,0.2395021617,0.5281888247,0.0,
,,0.2395021617,0.5281888247,0.0,
7.0,Iit is not convinent to me technology is very poor it not innovating,0.9268001318,0.0685325861,0.0046672267,Detractor
,,0.2395021617,0.5281888247,0.0,
8.0,Product working good condition,0.0100683989,0.2214727998,0.7684588432,Promoter
5.0,Because i can not see any advertisiment and anybody can not talk for this brand,0.8692167997,0.1250606924,0.0057224212,Detractor
8.0,Its kind of old brand but its good and its products are also fine,0.0024483593,0.0320432149,0.965508461,Promoter
,,0.2395021617,0.5281888247,0.0,
10.0,Excellent as per feedback of friends,0.0114204912,0.3783072233,0.6102722883,Promoter
,,0.2395021617,0.5281888247,0.0,
,,0.2395021617,0.5281888247,0.0,
9.0,"Godrej products are innovative, excellence to the real estate industry ",0.0030566962,0.1014318466,0.895511508,Promoter
8.0,Godrej is one of the durable and quality brand. I have previously owned their products and i trust the brand.,0.0023400488,0.0674532428,0.9302067161,Promoter
9.0,"Their products are soo good and they are very famous for that and i trust them very much
",0.0015746866,0.0089004934,0.9895248413,Promoter
,,0.2395021617,0.5281888247,0.0,
,,0.2395021617,0.5281888247,0.0,
,,0.2395021617,0.5281888247,0.0,
,,0.2395021617,0.5281888247,0.0,
,,0.2395021617,0.5281888247,0.0,
10.0,Nice brand ,0.025778614,0.2256883532,0.7485330701,Promoter
,,0.2395021617,0.5281888247,0.0,
,,0.2395021617,0.5281888247,0.0,
5.0,Because godrej is also good company.,0.0066732559,0.1494962871,0.8438304663,Revised Promoter
,,0.2395021617,0.5281888247,0.0,
10.0,Godrej is most popular,0.0097704111,0.2071526051,0.7830770016,Promoter
10.0,80 out of 100,0.0846190155,0.8088457584,0.1065352261,Revised Detractor
,,0.2395021617,0.5281888247,0.0,
6.0,Servicing is very poor,0.930629611,0.0651443005,0.0042260354,Detractor
9.0,Good quality products ,0.0120395655,0.1604588479,0.827501595,Promoter
,,0.2395021617,0.5281888247,0.0,
,,0.2395021617,0.5281888247,0.0,
,,0.2395021617,0.5281888247,0.0,
,,0.2395021617,0.5281888247,0.0,
4.0,This so good,0.0019745105,0.0107862065,0.9872393012,Revised Promoter
8.0,"Good investment
Value for money ",0.0233652405,0.3563582897,0.6202765107,Promoter
,,0.2395021617,0.5281888247,0.0,
,,0.2395021617,0.5281888247,0.0,
,,0.2395021617,0.5281888247,0.0,
,,0.2395021617,0.5281888247,0.0,
9.0,Because it is good product ,0.0098240199,0.1215316951,0.8686442375,Promoter
10.0,Because very good experience ,0.0067838985,0.0678971484,0.9253188968,Promoter
,,0.2395021617,0.5281888247,0.0,
,,0.2395021617,0.5281888247,0.0,
9.0,I have used godrej few years ago customer service not good,0.9602929354,0.0372159444,0.0024910558,Revised Detractor
,,0.2395021617,0.5281888247,0.0,
7.0,Need to up to date with the new technologies ,0.056477908,0.756082058,0.1874400675,Detractor
,,0.2395021617,0.5281888247,0.0,
8.0,The durability is not much compared to other brands,0.4532548487,0.508728683,0.0380165279,Detractor
,,0.2395021617,0.5281888247,0.0,
4.0,Good service ,0.0122512719,0.1203387454,0.8674100637,Revised Promoter
,,0.2395021617,0.5281888247,0.0,
8.0,I LIKE THEIR PRODUCT,0.010321849,0.1057142541,0.8839638829,Promoter
1.0,Op no one is the most of the time to get the time of a a a one of a a person who is a part of my life is not a problem to the same no and no one has to do many people in the other all of the time and I will be there will ,0.0342119187,0.4894109368,0.4763770998,Detractor
,,0.2395021617,0.5281888247,0.0,
10.0,Godrej indian company I like indian products at any cost,0.0189234782,0.2751951814,0.7058813572,Promoter
,,0.2395021617,0.5281888247,0.0,
7.0,Products quality is very good,0.0053970031,0.055471234,0.9391317964,Revised Promoter
,,0.2395021617,0.5281888247,0.0,
,,0.2395021617,0.5281888247,0.0,
10.0,Because i have an experience of using this brand,0.1345313787,0.808852911,0.0566157214,Revised Detractor
10.0,I like this brand,0.0029135125,0.0539248884,0.9431615472,Promoter
,,0.2395021617,0.5281888247,0.0,
10.0,"Godrej has good quality product, good after sale services and is a trusted brand.",0.0019421345,0.0380040295,0.9600538611,Promoter
,,0.2395021617,0.5281888247,0.0,
9.0,Godrej doesn't produce wide range of products and they are less popular than lg and samsung .,0.7227457166,0.2563287914,0.0209255554,Revised Detractor
,,0.2395021617,0.5281888247,0.0,
8.0,I GAVE ACCORDING TO ITS CUSTOMER SERVICE,0.1392000318,0.7925530076,0.0682469085,Detractor
,,0.2395021617,0.5281888247,0.0,
,,0.2395021617,0.5281888247,0.0,
,,0.2395021617,0.5281888247,0.0,
5.0,I don't like Godrej products,0.9624169469,0.034751907,0.0028311629,Detractor
,,0.2395021617,0.5281888247,0.0,
8.0,I like their service,0.0073208283,0.0716622695,0.9210168719,Promoter
,,0.2395021617,0.5281888247,0.0,
10.0,Because Godrej give us very good service ,0.0036642465,0.0633797571,0.9329560399,Promoter
,,0.2395021617,0.5281888247,0.0,
,,0.2395021617,0.5281888247,0.0,
,,0.2395021617,0.5281888247,0.0,
,,0.2395021617,0.5281888247,0.0,
,,0.2395021617,0.5281888247,0.0,
,,0.2395021617,0.5281888247,0.0,
,,0.2395021617,0.5281888247,0.0,
7.0,"Godrej Group is rated 4.0 out of 5, based on 5.0k reviews by employees on AmbitionBox. Godrej Group is known for Job Security which is rated at the top and given a rating of 4.1. However, Career growth is rated the lowest at 3.3 and can be improved.",0.1546727419,0.6138247848,0.2315024287,Detractor
8.0,Because it has long lasting products and it has good customer service ,0.00521744,0.0786154792,0.9161670804,Promoter
,,0.2395021617,0.5281888247,0.0,
,,0.2395021617,0.5281888247,0.0,
5.0,Godrej is a renowned brand,0.0256409049,0.6655015349,0.3088576198,Detractor
9.0,"Product range is not that wide
",0.3567267954,0.5978133082,0.0454599001,Revised Detractor
7.0,I know about it ,0.247702539,0.6510487199,0.1012487784,Detractor
,,0.2395021617,0.5281888247,0.0,
10.0,It's a good brand and trustworthy brand,0.0027694104,0.0689813569,0.9282492399,Promoter
5.0,Because it gave me an average opinion on using that products,0.3689693809,0.5908122659,0.0402184166,Detractor
10.0,its well known Brand we are using from childhood ,0.2211975604,0.7301288843,0.0486735441,Revised Detractor
,,0.2395021617,0.5281888247,0.0,
10.0,Good products ,0.0108190263,0.1473301053,0.8418508768,Promoter
9.0,Very good product ,0.0049894936,0.0431927964,0.9518176913,Promoter
10.0,its a trusted brand from long and it always proves,0.0046755644,0.1456720531,0.8496524096,Promoter
10.0,because its a good brand ,0.0077914507,0.1345389336,0.8576696515,Promoter
10.0,10,,,,
4.0,"Good material,long lasting,easy to use,
Comfortable ",0.0033497293,0.0679038614,0.9287463427,Revised Promoter
,,0.2395021617,0.5281888247,0.0,
10.0,This brand look is great and very very nice design model . comfort my home alliance ,0.0014907998,0.0119271334,0.9865820408,Promoter
,,0.2395021617,0.5281888247,0.0,
10.0,Because i like the product,0.014958716,0.1793387979,0.8057024479,Promoter
9.0,The brand has numbers of products and items. ,0.0382701792,0.8501724005,0.1115573421,Revised Detractor
8.0,Good quality,0.029416468,0.3259907961,0.644592762,Promoter
,,0.2395021617,0.5281888247,0.0,
,,0.2395021617,0.5281888247,0.0,
,,0.2395021617,0.5281888247,0.0,
10.0,It has wider products,0.0245476812,0.7200543284,0.2553979456,Revised Detractor
10.0,Godrej is old and gold brand products always satisfied ,0.0746334195,0.5676163435,0.3577501774,Revised Detractor
,,0.2395021617,0.5281888247,0.0,
6.0,It has average durability ,0.6341890097,0.3334742486,0.032336738,Detractor
7.0,Had experience with that. ,0.3513492346,0.6115682721,0.0370824933,Detractor
8.0,8,,,,
10.0,Because it had wide range of home appliances that had good quality.,0.006349423,0.1371722221,0.8564783931,Promoter
7.0,It is very good quality ,0.0052146898,0.0537775382,0.9410077333,Revised Promoter
,,0.2395021617,0.5281888247,0.0,
,,0.2395021617,0.5281888247,0.0,
9.0,Because of godrej is allways a good brand ,0.0035242951,0.0859360844,0.9105396867,Promoter
,,0.2395021617,0.5281888247,0.0,
10.0,Good brand ,0.0159085132,0.2201441675,0.7639473677,Promoter
,,0.2395021617,0.5281888247,0.0,
,,0.2395021617,0.5281888247,0.0,
8.0,I love godrej,0.0038367503,0.0281170812,0.9680461884,Promoter
7.0,Good products  but improve some features ,0.0250710454,0.2724930942,0.7024358511,Revised Promoter
,,0.2395021617,0.5281888247,0.0,
10.0,Because his facilities is very good ,0.0056199129,0.0745237544,0.9198563695,Promoter
7.0,Good quality products at affordable prices ,0.0072471318,0.1212098375,0.8715430498,Revised Promoter
,,0.2395021617,0.5281888247,0.0,
,,0.2395021617,0.5281888247,0.0,
,,0.2395021617,0.5281888247,0.0,
,,0.2395021617,0.5281888247,0.0,
9.0,Made in India and a lot of fault easy to solve,0.2396744341,0.5235273838,0.2367981523,Revised Detractor
,,0.2395021617,0.5281888247,0.0,
,,0.2395021617,0.5281888247,0.0,
9.0,I don't know using this brand iam heard I will give 5 stars,0.1091183051,0.6227433085,0.2681384683,Revised Detractor
,,0.2395021617,0.5281888247,0.0,
6.0,Because I didn't like the brand as compared to others as I have a washing machine of same brand which often malfunctions.,0.9482011199,0.049410712,0.0023881493,Detractor
,,0.2395021617,0.5281888247,0.0,
,,0.2395021617,0.5281888247,0.0,
5.0,Because I never bought something from Godrej. ,0.6478260159,0.3317363858,0.0204376653,Detractor
5.0,Need improvement in quality.,0.1478251815,0.7139158845,0.1382589042,Detractor
,,0.2395021617,0.5281888247,0.0,
,,0.2395021617,0.5281888247,0.0,
8.0,This is a very good brand.,0.0022349071,0.021054348,0.9767107368,Promoter
6.0,8,,,,
9.0,BASICALLY ITS A GOOD BRAND BUT AFTER  SALES SERVICES IS NOT SO GOOD.,0.7322922349,0.2189019024,0.0488059483,Revised Detractor
,,0.2395021617,0.5281888247,0.0,
10.0,5,,,,
9.0,It has old and trustworthy ,0.0434786826,0.6037039161,0.3528174162,Revised Detractor
,,0.2395021617,0.5281888247,0.0,
,,0.2395021617,0.5281888247,0.0,
,,0.2395021617,0.5281888247,0.0,
,,0.2395021617,0.5281888247,0.0,
10.0,Good product ,0.0087558441,0.1015335321,0.8897106051,Promoter
6.0,because i am not so aware of godrej products and even my friends and family doesn't prefer to buy the products of Godrej.,0.8146914244,0.1786884069,0.0066201575,Detractor
,,0.2395021617,0.5281888247,0.0,
10.0,Very trustworthy and reliable ,0.0052520935,0.1471945643,0.8475533128,Promoter
10.0,Godrej made as many product kitchen appliance,0.0721067414,0.8731199503,0.0547733642,Revised Detractor
,,0.2395021617,0.5281888247,0.0,
9.0,Ites trust worthy brand ,0.0149892364,0.3786401153,0.6063706279,Promoter
10.0,Because they are good for their products ,0.0066657397,0.1363194436,0.8570148349,Promoter
7.0,Because of the experience with our refrigerator.,0.1226735115,0.8158226013,0.0615038425,Detractor
,,0.2395021617,0.5281888247,0.0,
,,0.2395021617,0.5281888247,0.0,
7.0,I have purchase Godrej washing machine very long ago in the past after that I have purchased other brands so experience with this brand is so so,0.057909783,0.7014676332,0.2406225652,Detractor
10.0,"Godrej Group has an overall rating of 4.1 out of 5, based on over 359 reviews left anonymously by employees.",0.022502657,0.7718331814,0.2056641728,Revised Detractor
5.0,"Not prefer to answer 
",0.3970832229,0.5658544898,0.0370622687,Detractor
9.0,Because goodrej is not a leading brand in homoappliances. It is a average performing brand.,0.6825392246,0.2907602191,0.0267005712,Revised Detractor
,,0.2395021617,0.5281888247,0.0,
,,0.2395021617,0.5281888247,0.0,
8.0,Godrej is the famous brand in country.,0.0083696367,0.2695987821,0.7220315933,Promoter
0.0,It is very favorable ,0.0047157197,0.073047623,0.9222367406,Revised Promoter
,,0.2395021617,0.5281888247,0.0,
,,0.2395021617,0.5281888247,0.0,
,,0.2395021617,0.5281888247,0.0,
8.0,Because I have had a bad experience with Godrej a few years back,0.9234504104,0.0741807595,0.0023687526,Detractor
,,0.2395021617,0.5281888247,0.0,
,,0.2395021617,0.5281888247,0.0,
8.0,It was a good brand previous but their performance is not upto the mark.,0.5565513968,0.387531817,0.0559167974,Detractor
9.0,It's very good appliances ,0.0035446989,0.0322681814,0.9641870856,Promoter
9.0,"Well, it is among the trustworthy brand which significantly influences people. It is indeed credible.",0.003330399,0.1032513678,0.8934182525,Promoter
,,0.2395021617,0.5281888247,0.0,
,,0.2395021617,0.5281888247,0.0,
10.0,9,,,,
8.0,It always satisfy what I need.,0.0109200235,0.1972443014,0.7918357253,Promoter
9.0,"Godrej, even though it provides the best quality equipments, the brand is late to bring some features to its product",0.483827889,0.4477601647,0.0684119016,Revised Detractor
10.0,Because I like very much this product ,0.0028294567,0.0325474851,0.964623034,Promoter
,,0.2395021617,0.5281888247,0.0,
,,0.2395021617,0.5281888247,0.0,
,,0.2395021617,0.5281888247,0.0,
,,0.2395021617,0.5281888247,0.0,
9.0,I have used this brand product not attractive and modern according to demand of time.,0.9376870394,0.0587827489,0.0035303109,Revised Detractor
,,0.2395021617,0.5281888247,0.0,
,,0.2395021617,0.5281888247,0.0,
,,0.2395021617,0.5281888247,0.0,
7.0,8,,,,
10.0,Very esay lock a d key handle  very  smooth.so i like very much. And i am provided to everyone this lock. ,0.0034374627,0.0414357558,0.9551267624,Promoter
,,0.2395021617,0.5281888247,0.0,
,,0.2395021617,0.5281888247,0.0,
10.0,It's good ,0.0037958089,0.0409125276,0.9552916288,Promoter
,,0.2395021617,0.5281888247,0.0,
,,0.2395021617,0.5281888247,0.0,
8.0,This brand has good quality,0.0026952096,0.0487578623,0.9485470057,Promoter
,,0.2395021617,0.5281888247,0.0,
,,0.2395021617,0.5281888247,0.0,
10.0,Because it's brand is so popupler and good quality products,0.0066586072,0.0907100961,0.9026313424,Promoter
6.0,ACCORDING TO EXPERIENCE,0.0564229041,0.7996435761,0.1439335346,Detractor
4.0,Not good technology ,0.8911284208,0.0970262587,0.0118452692,Detractor
7.0,I give this score because I have used godrej product before and while using it i didn't get customer service properly which I wanted so I am not satisfied with godrej.,0.9569333792,0.040275488,0.0027911426,Detractor
,,0.2395021617,0.5281888247,0.0,
4.0, I Iike this brand alot. So I give this score.,0.0051783081,0.2123680413,0.7824536562,Revised Promoter
8.0,I think that score,0.0446470566,0.7391486168,0.2162043303,Detractor
,,0.2395021617,0.5281888247,0.0,
10.0,I love their products,0.0031373058,0.0115622412,0.9853004813,Promoter
8.0,IT is unexpected,0.20420973,0.6433035135,0.1524867415,Detractor
10.0,Godrej appliances are working well Year to year,0.0037106271,0.1232464164,0.8730429411,Promoter
4.0,Model is not that much good. Colors are not attractive ,0.9420938492,0.0516960472,0.0062101446,Detractor
,,0.2395021617,0.5281888247,0.0,
6.0,Average rating ,0.205881387,0.6998736858,0.0942449048,Detractor
,,0.2395021617,0.5281888247,0.0,
10.0,They have good customer service. Product quality is also excellent.,0.0029566351,0.0199443419,0.9770990014,Promoter
,,0.2395021617,0.5281888247,0.0,
,,0.2395021617,0.5281888247,0.0,
,,0.2395021617,0.5281888247,0.0,
,,0.2395021617,0.5281888247,0.0,
10.0,It is a very good brand and trustful,0.0018270576,0.0251152217,0.9730577469,Promoter
,,0.2395021617,0.5281888247,0.0,
8.0,60,,,,
,,0.2395021617,0.5281888247,0.0,
8.0,The godrej product are somany time repair ,0.0797055215,0.8293367624,0.0909577534,Detractor
10.0,"Durable 
Best Customer care service 
Best Performance ",0.0138388313,0.1999924779,0.7861686945,Promoter
,,0.2395021617,0.5281888247,0.0,
,,0.2395021617,0.5281888247,0.0,
,,0.2395021617,0.5281888247,0.0,
9.0,Its an average in my opinion,0.2963118553,0.6386808753,0.0650073215,Revised Detractor
9.0,"Because good service provide,",0.0138484119,0.1978100389,0.7883415222,Promoter
,,0.2395021617,0.5281888247,0.0,
10.0,It's a Very good company,0.003104202,0.0334793963,0.9634163976,Promoter
3.0,it have nice offers,0.0076160366,0.1381140202,0.8542699218,Revised Promoter
10.0,It's eco-friendly and gives assurance to all customers ,0.0039523197,0.1379126161,0.8581350446,Promoter
,,0.2395021617,0.5281888247,0.0,
9.0,Godrej is a trustable brand. I have used the godrej items in the near past. It was a good experience for me. Even I have used the godrej air power pocket. That's also good. So I will recommend this brand to my friends,0.001085021,0.0104204929,0.9884944558,Promoter
,,0.2395021617,0.5281888247,0.0,
7.0,I like those brands,0.0093577215,0.1640394628,0.826602757,Revised Promoter
,,0.2395021617,0.5281888247,0.0,
10.0,Good to handle,0.0209593028,0.2413558513,0.7376848459,Promoter
,,0.2395021617,0.5281888247,0.0,
9.0,Godrej is a very famous and long standing brand with a good reputation,0.001768387,0.0539340116,0.9442975521,Promoter
,,0.2395021617,0.5281888247,0.0,
4.0,Godrej good but need to improve,0.0362863205,0.3972530067,0.566460669,Revised Promoter
,,0.2395021617,0.5281888247,0.0,
,,0.2395021617,0.5281888247,0.0,
,,0.2395021617,0.5281888247,0.0,
,,0.2395021617,0.5281888247,0.0,
,,0.2395021617,0.5281888247,0.0,
,,0.2395021617,0.5281888247,0.0,
,,0.2395021617,0.5281888247,0.0,
7.0,Think company is okayish,0.0064163692,0.1891266108,0.8044570088,Revised Promoter
,,0.2395021617,0.5281888247,0.0,
6.0,Because I got negative reviews from my relatives comparing other brands,0.8845804334,0.110928379,0.0044912221,Detractor
9.0,This is my personal opinion ,0.0975653529,0.8205857873,0.0818488896,Revised Detractor
,,0.2395021617,0.5281888247,0.0,
,,0.2395021617,0.5281888247,0.0,
7.0,Please godrej appliances that i have buyed in past give me the value of  my money and very good experience of this brand,0.017652249,0.194721967,0.78762573,Revised Promoter
8.0,I am satisfied with this brand,0.0033216304,0.0529217012,0.9437566996,Promoter
8.0,Very good product,0.0044138632,0.0349247754,0.9606612921,Promoter
,,0.2395021617,0.5281888247,0.0,
,,0.2395021617,0.5281888247,0.0,
,,0.2395021617,0.5281888247,0.0,
,,0.2395021617,0.5281888247,0.0,
7.0,Through my experience used it though has to come up with new ideas,0.0265602432,0.7033043504,0.2701354623,Detractor
,,0.2395021617,0.5281888247,0.0,
,,0.2395021617,0.5281888247,0.0,
10.0,It's Global and Trustworthy Brand Since long and continuously gives services to their customers worldwide ,0.0031494552,0.1459747553,0.8508757353,Promoter
7.0,Is it possible to get,0.0999828652,0.8463048935,0.0537122898,Detractor
8.0,Good brand with promising product ,0.0026109994,0.054230053,0.943158865,Promoter
,,0.2395021617,0.5281888247,0.0,
5.0,"For me, it's outdated.",0.5950032473,0.3768801689,0.0281166174,Detractor
8.0,This brand performs good ,0.0026921977,0.0653963313,0.9319115281,Promoter
2.0,Because I like it,0.0249264427,0.2481269538,0.7269466519,Revised Promoter
7.0,"Because godrej ina good company and also provides good product 
",0.0068205302,0.0868477523,0.9063317776,Revised Promoter
9.0,Its a reputed brand ,0.1308784783,0.7663016915,0.1028198898,Revised Detractor
9.0,It's been a good experience with godrej products,0.0013713641,0.017584851,0.981043756,Promoter
10.0,Great service ,0.0082359286,0.0734290555,0.9183349609,Promoter
,,0.2395021617,0.5281888247,0.0,
,,0.2395021617,0.5281888247,0.0,
,,0.2395021617,0.5281888247,0.0,
8.0,Very nice product and I am satisfied ,0.0024553628,0.0164732095,0.9810714126,Promoter
6.0,It is a great brand that provides goods for goodmoney value,0.0019158795,0.0221267641,0.975957334,Revised Promoter
8.0,I am not using this product then I don't know about it ,0.7097773552,0.2775684595,0.0126541145,Detractor
,,0.2395021617,0.5281888247,0.0,
6.0,Godrej builts great products ,0.0125968745,0.2134179622,0.7739851475,Revised Promoter
10.0,It is awesome ,0.0034208233,0.0251291674,0.9714500308,Promoter
,,0.2395021617,0.5281888247,0.0,
,,0.2395021617,0.5281888247,0.0,
10.0,Because my family used this products long time ago.,0.3751514256,0.5836442113,0.0412044078,Revised Detractor
,,0.2395021617,0.5281888247,0.0,
,,0.2395021617,0.5281888247,0.0,
,,0.2395021617,0.5281888247,0.0,
,,0.2395021617,0.5281888247,0.0,
,,0.2395021617,0.5281888247,0.0,
5.0,Godrej provides a good brand of item in less price ,0.0054183039,0.1137257889,0.8808558583,Revised Promoter
9.0,It is convenient to use .,0.0067204796,0.1482219249,0.8450576067,Promoter
7.0,Depends on how I used it,0.136666894,0.7923929691,0.0709401444,Detractor
,,0.2395021617,0.5281888247,0.0,
,,0.2395021617,0.5281888247,0.0,
9.0,It is very good in performance and highly recommended by everyone ,0.0016808207,0.0171468426,0.9811722636,Promoter
7.0,"I am fairly satisfied with this brand..,moreover it is old trusted brand",0.0074997391,0.0876683369,0.9048318863,Revised Promoter
,,0.2395021617,0.5281888247,0.0,
8.0,Product quality ,0.197125122,0.6426886916,0.1601862162,Detractor
6.0,I have its washing machine based on my experience,0.0717472583,0.8742645979,0.0539881289,Detractor
,,0.2395021617,0.5281888247,0.0,
,,0.2395021617,0.5281888247,0.0,
,,0.2395021617,0.5281888247,0.0,
,,0.2395021617,0.5281888247,0.0,
,,0.2395021617,0.5281888247,0.0,
,,0.2395021617,0.5281888247,0.0,
10.0,Best products quality ,0.0121537577,0.1871659905,0.8006802797,Promoter
,,0.2395021617,0.5281888247,0.0,
10.0,Because it's a nice brand,0.0086643053,0.107709378,0.8836264014,Promoter
10.0,Very nice and durable products ,0.0049121627,0.0525284149,0.9425594211,Promoter
10.0,Because it is genuine brand since a long time ,0.0151550695,0.4305945337,0.5542504191,Promoter
,,0.2395021617,0.5281888247,0.0,
,,0.2395021617,0.5281888247,0.0,
8.0,It is very good ,0.0029713672,0.0222984366,0.9747301936,Promoter
,,0.2395021617,0.5281888247,0.0,
8.0,"Godrej furniture and equipment are very good. They just lack a varied colour combination
",0.0234540962,0.094254531,0.8822914362,Promoter
10.0,I am currently using godrej applyances and satisfied with that. ,0.0061559337,0.1425872147,0.851256907,Promoter
5.0,Its overall good ,0.0040936046,0.0517746918,0.9441316724,Revised Promoter
10.0,It's top brands in market for big home appliances.,0.0068568704,0.4313071966,0.5618359447,Promoter
,,0.2395021617,0.5281888247,0.0,
9.0,I'm using this brand from a long period and it is good till now,0.0013858619,0.0228746478,0.9757394791,Promoter
3.0,"10 out of 50 because it's was good but not ssen today most in company
",0.0722587407,0.384482801,0.5432584286,Revised Promoter
7.0,Godrej is now not so popular brand,0.5424603224,0.4332421422,0.0242975205,Detractor
,,0.2395021617,0.5281888247,0.0,
,,0.2395021617,0.5281888247,0.0,
8.0,I liked it very much because it's very useful,0.0017048985,0.0120839449,0.9862111807,Promoter
,,0.2395021617,0.5281888247,0.0,
,,0.2395021617,0.5281888247,0.0,
,,0.2395021617,0.5281888247,0.0,
10.0,100%,0.086815156,0.4719498158,0.4412350655,Revised Detractor
,,0.2395021617,0.5281888247,0.0,
,,0.2395021617,0.5281888247,0.0,
,,0.2395021617,0.5281888247,0.0,
9.0,It is one of the best brand. It provides good electronic products. It provides good branded products and offers various offers and good quality of products. it is one of the most trusted brand. It always have new products.,0.0012241876,0.0163690504,0.9824067354,Promoter
,,0.2395021617,0.5281888247,0.0,
10.0,BECAUSE GODREJ IS A VERY GOOD COMPANY.,0.0045614149,0.0377839319,0.9576545954,Promoter
9.0,My family using it's product for many years ,0.0542797633,0.6691737771,0.2765463889,Revised Detractor
10.0,"Brand is popular, good quality",0.005265235,0.1160159111,0.878718853,Promoter
,,0.2395021617,0.5281888247,0.0,
,,0.2395021617,0.5281888247,0.0,
,,0.2395021617,0.5281888247,0.0,
,,0.2395021617,0.5281888247,0.0,
,,0.2395021617,0.5281888247,0.0,
,,0.2395021617,0.5281888247,0.0,
9.0,"good quality
",0.0323382989,0.2763546705,0.6913070083,Promoter
,,0.2395021617,0.5281888247,0.0,
,,0.2395021617,0.5281888247,0.0,
9.0,"Trusted brand and durable, I have been using from many years.",0.0069266055,0.2486696541,0.7444037199,Promoter
9.0,Based on my experience with me the brand ,0.0439851098,0.8782139421,0.0778009817,Revised Detractor
,,0.2395021617,0.5281888247,0.0,
,,0.2395021617,0.5281888247,0.0,
,,0.2395021617,0.5281888247,0.0,
,,0.2395021617,0.5281888247,0.0,
5.0,I trust this brand,0.0043285103,0.1457094401,0.8499620557,Revised Promoter
,,0.2395021617,0.5281888247,0.0,
1.0,Poor experience with the product and not happy with customer service ,0.9384279847,0.0563628003,0.0052092341,Detractor
8.0,I used that company product,0.2581546605,0.6665560603,0.0752893463,Detractor
,,0.2395021617,0.5281888247,0.0,
10.0,"Trustworthy , innovative brand , reliable , best services after sales purchase , good customer care service",0.0029825175,0.0767300129,0.9202874899,Promoter
,,0.2395021617,0.5281888247,0.0,
9.0,Godrej product are not a normal legendary product in a market best service providers for us,0.2887724042,0.5384337902,0.1727938205,Revised Detractor
10.0,"This brand is very good.super quality different from other brands
",0.0025150778,0.0209665094,0.9765184522,Promoter
,,0.2395021617,0.5281888247,0.0,
10.0,Because it's a good product ,0.00780315,0.0921343938,0.9000624418,Promoter
7.0,"It, s good brand and excellent working.",0.0051468974,0.0908700377,0.9039829969,Revised Promoter
10.0,Branded & Quality ,0.0610865764,0.7958519459,0.1430614889,Revised Detractor
9.0,Because its good manufacturing brand for home appliances and quality almost have greatest ,0.0029373853,0.0600764155,0.936986208,Promoter
,,0.2395021617,0.5281888247,0.0,
,,0.2395021617,0.5281888247,0.0,
8.0,Because I don't prefer this barnd much because I have other better choices according to me in this industry ,0.5018253326,0.4241317809,0.0740428567,Detractor
,,0.2395021617,0.5281888247,0.0,
8.0,5,,,,
,,0.2395021617,0.5281888247,0.0,
,,0.2395021617,0.5281888247,0.0,
10.0,"Elegant, well designed, high quality ",0.005777108,0.1300173402,0.8642055392,Promoter
,,0.2395021617,0.5281888247,0.0,
,,0.2395021617,0.5281888247,0.0,
,,0.2395021617,0.5281888247,0.0,
,,0.2395021617,0.5281888247,0.0,
8.0,"Long time trusted brand, has come up innovative ideas in a good way. Also with furniture line, but when it come to appliances should be more creative i guess ",0.0064097685,0.1717031598,0.8218870163,Promoter
,,0.2395021617,0.5281888247,0.0,
,,0.2395021617,0.5281888247,0.0,
9.0,This is the one of oldest electric manufacturer brand in india,0.0046507102,0.4832210243,0.5121282935,Promoter
,,0.2395021617,0.5281888247,0.0,
,,0.2395021617,0.5281888247,0.0,
,,0.2395021617,0.5281888247,0.0,
,,0.2395021617,0.5281888247,0.0,
10.0,"Very unique and latest products ,service provided ",0.004827321,0.0995849594,0.8955876827,Promoter
10.0,85,,,,
7.0,"Godrej is one of the top products, but after care services is not good enough",0.5475258231,0.3481761813,0.1042979881,Detractor
7.0,Gopdrej products are medicore,0.0875976384,0.8382055163,0.0741969123,Detractor
10.0,Because I am using products of this company brand and I am fully satisfied.,0.0015401628,0.02352136,0.9749385118,Promoter
,,0.2395021617,0.5281888247,0.0,
5.0,There needs to be improvement in the technology and innovation and also pricing when compared to several other big brands in the market,0.0487799756,0.6100443602,0.341175735,Detractor
10.0,Godrej produced durable and strong and designer large home appliances. ,0.0099455845,0.3221722543,0.6678821445,Promoter
,,0.2395021617,0.5281888247,0.0,
10.0,Godrej most famous brand,0.0253167711,0.5262886882,0.4483945966,Revised Detractor
9.0,Because Godrej is a most trusted friend in India and his strongest computer of other brand can't even compare the products with the brand,0.0115138432,0.1579356194,0.8305505514,Promoter
,,0.2395021617,0.5281888247,0.0,
,,0.2395021617,0.5281888247,0.0,
6.0,It's have a good features ,0.0056089093,0.1101164222,0.8842746615,Revised Promoter
7.0,Beacause the are really good easy to mainage low cost with low maintenance higher efficiency and perfect for middle clas category!,0.0013394369,0.0169746801,0.9816858768,Revised Promoter
,,0.2395021617,0.5281888247,0.0,
,,0.2395021617,0.5281888247,0.0,
9.0,It has a reputed image and has a wide range products,0.0088322107,0.6864496469,0.3047181368,Revised Detractor
,,0.2395021617,0.5281888247,0.0,
,,0.2395021617,0.5281888247,0.0,
,,0.2395021617,0.5281888247,0.0,
10.0,It is a good brand.,0.0041276608,0.0761195123,0.9197527766,Promoter
,,0.2395021617,0.5281888247,0.0,
,,0.2395021617,0.5281888247,0.0,
,,0.2395021617,0.5281888247,0.0,
,,0.2395021617,0.5281888247,0.0,
,,0.2395021617,0.5281888247,0.0,
8.0,I'm using this brand for more than 10 years and no problem with this and also customer service is good. ,0.0054761479,0.0388159975,0.9557078481,Promoter
6.0,Godrej product is best way you think I should I do with the details and I want to make sure you got the best policy,0.0079302136,0.2192206681,0.7728491426,Revised Promoter
8.0,Actually presently I am not using any godrej brand products. So i am not familiar with that,0.624186039,0.3615231514,0.0142908189,Detractor
8.0,I m using one of his product and it's running good and also some of my friends also using their products and they also satisfied with that,0.0010297123,0.028397534,0.9705727696,Promoter
,,0.2395021617,0.5281888247,0.0,
7.0,the quality of this brand products are like average and some what worth the money,0.7897287607,0.1848599166,0.0254113134,Detractor
,,0.2395021617,0.5281888247,0.0,
,,0.2395021617,0.5281888247,0.0,
,,0.2395021617,0.5281888247,0.0,
9.0,Godrej is that perticular brand which is known by their names,0.1085047647,0.8529430032,0.0385522582,Revised Detractor
9.0,Its a good Indian brand there in business for so many years,0.0066749481,0.0997340083,0.8935909867,Promoter
,,0.2395021617,0.5281888247,0.0,
,,0.2395021617,0.5281888247,0.0,
9.0,. Quality of their bero is too good. ,0.0851450861,0.2944589555,0.6203959584,Promoter
4.0,It has durable products but not very innovative.,0.560061276,0.3831397891,0.0567989722,Detractor
9.0,Because that brand I used in past ,0.1920998991,0.745898366,0.0620017201,Revised Detractor
,,0.2395021617,0.5281888247,0.0,
,,0.2395021617,0.5281888247,0.0,
5.0,Because this product is good but not so satishfying,0.0917681903,0.3084726334,0.5997591615,Revised Promoter
10.0,Because it's all appliances are very reliable and also good in quality ,0.0039702696,0.0773367584,0.918693006,Promoter
,,0.2395021617,0.5281888247,0.0,
,,0.2395021617,0.5281888247,0.0,
,,0.2395021617,0.5281888247,0.0,
,,0.2395021617,0.5281888247,0.0,
,,0.2395021617,0.5281888247,0.0,
9.0,It is a good brand. Produces good quality products.,0.0021866781,0.0313728452,0.9664404988,Promoter
,,0.2395021617,0.5281888247,0.0,
10.0,It's a good brand,0.0047140685,0.0872080326,0.9080779552,Promoter
,,0.2395021617,0.5281888247,0.0,
10.0,Because of its design and features ,0.0178985968,0.4771137238,0.5049876571,Promoter
,,0.2395021617,0.5281888247,0.0,
,,0.2395021617,0.5281888247,0.0,
9.0,I like it ,0.009157381,0.0924557447,0.8983868361,Promoter
,,0.2395021617,0.5281888247,0.0,
2.0,As my wish,0.0254541636,0.5223425627,0.4522033632,Detractor
,,0.2395021617,0.5281888247,0.0,
10.0,Because it is the best brand,0.0033726052,0.0563374795,0.940289855,Promoter
8.0,nice service,0.0220792238,0.1371104866,0.8408102989,Promoter
,,0.2395021617,0.5281888247,0.0,
6.0,"Because i have not bought or used products from this brand, hence unsure how it actually is. ",0.6506382227,0.3364716768,0.0128901266,Detractor
6.0,The products in electricals are ok,0.0096772481,0.1973804086,0.7929424047,Revised Promoter
,,0.2395021617,0.5281888247,0.0,
,,0.2395021617,0.5281888247,0.0,
,,0.2395021617,0.5281888247,0.0,
,,0.2395021617,0.5281888247,0.0,
5.0,Back Dated,0.0487699807,0.7654447556,0.1857853234,Detractor
7.0,Godrej is good and it's preferable for lower middle class and middle class who can't be able to afford big brands ,0.0902207345,0.4024191797,0.5073600411,Revised Promoter
9.0,Cause it's appliances are good quality,0.015352455,0.2309016883,0.7537458539,Promoter
6.0,They don't have premium products.,0.632946372,0.3506438136,0.0164098237,Detractor
9.0,Godrej is a domestic product with good fame and  quality. Prices are reasonable and durable. Service is satisfactory.,0.0048215305,0.0727304444,0.9224480391,Promoter
10.0,"For a very long time, I have used various Godrej products and I am delighted with them.",0.001136361,0.0159019437,0.9829617143,Promoter
,,0.2395021617,0.5281888247,0.0,
10.0,Very nice ,0.006577455,0.053017132,0.9404054284,Promoter
,,0.2395021617,0.5281888247,0.0,
,,0.2395021617,0.5281888247,0.0,
7.0,Because I was not that satisfied with the product,0.923941493,0.0722839013,0.0037745459,Detractor
9.0,Premium brand and a good service provider ,0.0108964918,0.188747555,0.8003559113,Promoter
,,0.2395021617,0.5281888247,0.0,
6.0,GODREJ IS AVERAGE COMPANY NOT MUCH LATEST FEATURE LESS IN INNOVATION,0.4671338797,0.4890001118,0.043866016,Detractor
6.0,Some items of this company is not satisfied me,0.9766740203,0.0211204179,0.0022055965,Detractor
10.0,Good working I like it,0.0035067443,0.03125057,0.9652427435,Promoter
8.0,Prices are high for their furniture. Earlier we I used Refrigerator it is exellent. Presentrly there are several brands and not many products from godrej. ,0.1015335619,0.6263380647,0.272128433,Detractor
,,0.2395021617,0.5281888247,0.0,
6.0,Feeling outdated ,0.6281695962,0.3378906846,0.0339397267,Detractor
8.0,Godrej is a good brand. I know this from my childhood,0.0031524419,0.0620589256,0.9347886443,Promoter
,,0.2395021617,0.5281888247,0.0,
4.0,Godrej is no more a popular brand,0.5190919042,0.4392559826,0.0416521542,Detractor
,,0.2395021617,0.5281888247,0.0,
10.0,Having,0.2055939436,0.5379303098,0.2564757466,Revised Detractor
5.0,In my View Other Brands has more Features and are more Innovative Technology Based.,0.0077776671,0.2166246772,0.7755976319,Revised Promoter
,,0.2395021617,0.5281888247,0.0,
8.0,Because it ja rrally good brand,0.0075596981,0.1721354276,0.8203048706,Promoter
9.0,It is a good brand that I trust,0.0022185629,0.049225051,0.9485564232,Promoter
8.0,Godrej is a company particularly known for locks and personal care products not for the home appliences.,0.4372253716,0.5219575167,0.0408171378,Detractor
8.0,brand is good but not the best. ,0.5667207837,0.3703954518,0.0628837794,Detractor
9.0,We know Godrej is a premium brand but think it is also not unique ,0.1454657018,0.754427135,0.1001071483,Revised Detractor
7.0,i know about this brand,0.1433865577,0.7801552415,0.0764582381,Detractor
,,0.2395021617,0.5281888247,0.0,
,,0.2395021617,0.5281888247,0.0,
10.0,As per my experience their products last lomg,0.1101354584,0.8208497763,0.0690147877,Revised Detractor
10.0,Excellent platform for home appliances ,0.0050676102,0.1353011429,0.8596311808,Promoter
10.0,IT AVAILABLE ALL OVER AND HAS GOOD QUALITY PRODUCTS,0.0031882508,0.0452009216,0.9516108036,Promoter
,,0.2395021617,0.5281888247,0.0,
,,0.2395021617,0.5281888247,0.0,
,,0.2395021617,0.5281888247,0.0,
8.0,NOT USED THIS PRODUCT MUCH,0.8794926405,0.1056450456,0.0148623362,Detractor
,,0.2395021617,0.5281888247,0.0,
,,0.2395021617,0.5281888247,0.0,
10.0,Because I like it very much ,0.0047969618,0.0576500185,0.9375529885,Promoter
10.0,I like it very much ,0.0025683846,0.0268308725,0.9706007242,Promoter
7.0,Reputed company deals with variety of products. It has good customer care service.,0.0034192498,0.0549189709,0.9416618347,Revised Promoter
,,0.2395021617,0.5281888247,0.0,
,,0.2395021617,0.5281888247,0.0,
,,0.2395021617,0.5281888247,0.0,
8.0,best 10,0.0429174118,0.4869484901,0.4701340497,Detractor
10.0,Because this product old. ,0.7191364765,0.2569268346,0.0239367187,Revised Detractor
8.0,Quality of the products,0.1704173535,0.7026465535,0.1269360781,Detractor
,,0.2395021617,0.5281888247,0.0,
,,0.2395021617,0.5281888247,0.0,
,,0.2395021617,0.5281888247,0.0,
9.0,Because Godrej is the oldest and reputed brand in India. For Example I purchased a ceiling Fan at my Marriage time. Now it is running smoothly till now for the last 22 years without any major repairs. The products which were from Godrej have long lasting durability.,0.0044152215,0.1262343675,0.8693503737,Promoter
,,0.2395021617,0.5281888247,0.0,
10.0,Godrej is one of the oldest company in India and also has some of the best products available in market and at a lower price compared to some of the top brands,0.0016620753,0.0403496735,0.9579882622,Promoter
6.0,Because they are not doing any advertising related to brand or promotion ,0.6582384109,0.323787123,0.0179744307,Detractor
7.0,Easy to use and good quality products ,0.0049104607,0.0700253174,0.9250642061,Revised Promoter
9.0,It's very nice ,0.0027316574,0.0234149583,0.9738534689,Promoter
9.0,"it's a good brand no doubt, but after sales service is not good",0.6210330129,0.2968014479,0.0821655318,Revised Detractor
9.0,It is most durable items & oldest branded product ,0.0082696425,0.2626618147,0.7290686369,Promoter
6.0,We have wadrobe from godrej.. it good long durability,0.0075372783,0.2021369338,0.7903257608,Revised Promoter
,,0.2395021617,0.5281888247,0.0,
,,0.2395021617,0.5281888247,0.0,
8.0,used many products of Godrej they are good,0.003197581,0.0588773824,0.9379249811,Promoter
,,0.2395021617,0.5281888247,0.0,
10.0,Very good quality ðŸ˜ŠðŸ˜Š,0.0025585103,0.0279324111,0.9695090055,Promoter
,,0.2395021617,0.5281888247,0.0,
,,0.2395021617,0.5281888247,0.0,
,,0.2395021617,0.5281888247,0.0,
,,0.2395021617,0.5281888247,0.0,
,,0.2395021617,0.5281888247,0.0,
10.0,Good products and service and variety of products ,0.005358093,0.0743120983,0.9203297496,Promoter
8.0,Due to its features and services ,0.0125639569,0.4251030982,0.5623329282,Promoter
8.0,Its trusted brand ,0.0330263488,0.6739173532,0.2930562198,Detractor
,,0.2395021617,0.5281888247,0.0,
,,0.2395021617,0.5281888247,0.0,
9.0,dfgfgdfg,0.4049249291,0.5178616047,0.0772134587,Revised Detractor
,,0.2395021617,0.5281888247,0.0,
,,0.2395021617,0.5281888247,0.0,
,,0.2395021617,0.5281888247,0.0,
10.0,Excellent customer service and range of products available at best prices with advanced technology with many offers and promotions good for customers ,0.002316179,0.0291252751,0.9685585499,Promoter
,,0.2395021617,0.5281888247,0.0,
9.0,according to my experience diserve this score,0.2118073106,0.739266932,0.0489257127,Revised Detractor
,,0.2395021617,0.5281888247,0.0,
8.0,Good,0.0607934222,0.3294278681,0.6097786427,Promoter
,,0.2395021617,0.5281888247,0.0,
9.0,I like it ,0.009157381,0.0924557447,0.8983868361,Promoter
,,0.2395021617,0.5281888247,0.0,
,,0.2395021617,0.5281888247,0.0,
,,0.2395021617,0.5281888247,0.0,
10.0,"Godrej is brand company since from so many years..... 
It products are worthful what we pay.... 
It meets needs of consumer by time to time... ",0.0161234532,0.2954368889,0.6884396672,Promoter
9.0,Godrej is best for all the people,0.0065556094,0.1287671179,0.86467731,Promoter
8.0,I havent used godrej product alot so i dont know much about this brand.,0.5045765042,0.4759827554,0.019440705,Detractor
,,0.2395021617,0.5281888247,0.0,
,,0.2395021617,0.5281888247,0.0,
6.0,After service is not good as compared to its competitors ,0.8930527568,0.0976649821,0.0092822192,Detractor
5.0,"It is not a morden brand.
",0.4927061498,0.4802275598,0.027066296,Detractor
9.0,Is the best innovative and creative brand Godrej is very durable,0.0021634663,0.0416997634,0.9561368227,Promoter
,,0.2395021617,0.5281888247,0.0,
10.0,Good ,0.0273889434,0.2357887775,0.7368222475,Promoter
,,0.2395021617,0.5281888247,0.0,
,,0.2395021617,0.5281888247,0.0,
,,0.2395021617,0.5281888247,0.0,
9.0,Durability is very good,0.0028211048,0.0293064136,0.9678725004,Promoter
10.0,The products quality and the life are better from other and also coutomer service is good.,0.0035841821,0.0455955267,0.9508202672,Promoter
,,0.2395021617,0.5281888247,0.0,
,,0.2395021617,0.5281888247,0.0,
,,0.2395021617,0.5281888247,0.0,
,,0.2395021617,0.5281888247,0.0,
9.0,Godrej is very satisfying and very good ,0.0028618914,0.0194659438,0.9776721597,Promoter
,,0.2395021617,0.5281888247,0.0,
7.0,"i am happy with the service
",0.0033218917,0.0300864689,0.9665916562,Revised Promoter
,,0.2395021617,0.5281888247,0.0,
,,0.2395021617,0.5281888247,0.0,
10.0,10,,,,
7.0,Godrej i think it's is leading brand but not every appliances is good and upto date,0.2772203684,0.6537404656,0.0690391064,Detractor
9.0,I used many products.of godrej. I like very much  that quality.  ,0.004912816,0.0719738379,0.9231133461,Promoter
,,0.2395021617,0.5281888247,0.0,
,,0.2395021617,0.5281888247,0.0,
10.0,5star,0.1342339665,0.5791373253,0.2866286933,Revised Detractor
,,0.2395021617,0.5281888247,0.0,
10.0,Because it is very trustworthy brand and we can rely on it,0.0023784218,0.0681414232,0.929480195,Promoter
,,0.2395021617,0.5281888247,0.0,
10.0,Very good ,0.0061574439,0.0540848635,0.9397577047,Promoter
6.0,Because of the wonderfull performance,0.0021775276,0.0345397145,0.9632827044,Revised Promoter
,,0.2395021617,0.5281888247,0.0,
,,0.2395021617,0.5281888247,0.0,
9.0,I like it's products. ,0.0074502411,0.0992452428,0.8933044672,Promoter
7.0,Because it had alot of priducts but they should launch new innovative products,0.0224529877,0.393982172,0.5835648179,Revised Promoter
,,0.2395021617,0.5281888247,0.0,
,,0.2395021617,0.5281888247,0.0,
,,0.2395021617,0.5281888247,0.0,
,,0.2395021617,0.5281888247,0.0,
8.0,Because it deserves it,0.0314625129,0.3729705513,0.5955669284,Promoter
,,0.2395021617,0.5281888247,0.0,
,,0.2395021617,0.5281888247,0.0,
,,0.2395021617,0.5281888247,0.0,
10.0,Trustworthy company,0.0099360636,0.3098652661,0.6801986694,Promoter
,,0.2395021617,0.5281888247,0.0,
10.0,They have such good quality products which last long,0.0025554667,0.0244111307,0.9730334282,Promoter
9.0,i use some item of this ,0.0577329025,0.7942738533,0.1479932517,Revised Detractor
,,0.2395021617,0.5281888247,0.0,
,,0.2395021617,0.5281888247,0.0,
9.0,performance is good,0.0062921629,0.0635566413,0.9301512241,Promoter
5.0,I didnt use that brand for past 6 years,0.6554318666,0.329059124,0.0155090373,Detractor
10.0,Because of its services ,0.0835817084,0.6713947058,0.2450235784,Revised Detractor
,,0.2395021617,0.5281888247,0.0,
10.0,8,,,,
9.0,"Because this is good brand, he makes best quality of product so that is why the main reason",0.0033535713,0.0605310351,0.9361154437,Promoter
8.0,Godrej are the product very quality and have been very good to us customer support team for many years now we have a great team here.,0.0020177807,0.0137129854,0.9842692614,Promoter
10.0,It's very good ,0.002877322,0.0235184804,0.9736042023,Promoter
,,0.2395021617,0.5281888247,0.0,
9.0,Products are good ,0.0122373616,0.1143696234,0.8733929992,Promoter
,,0.2395021617,0.5281888247,0.0,
5.0,I had a godrej product and several times I have to repaired that product.,0.6728541851,0.308858037,0.0182877127,Detractor
,,0.2395021617,0.5281888247,0.0,
9.0,Very good brand value and quality ,0.0052333176,0.0747302026,0.9200364351,Promoter
10.0,Because I used this product in the past,0.3134505153,0.6291338801,0.0574156418,Revised Detractor
,,0.2395021617,0.5281888247,0.0,
6.0,It's very good,0.0022918833,0.0153072532,0.9824008346,Revised Promoter
,,0.2395021617,0.5281888247,0.0,
,,0.2395021617,0.5281888247,0.0,
,,0.2395021617,0.5281888247,0.0,
,,0.2395021617,0.5281888247,0.0,
,,0.2395021617,0.5281888247,0.0,
8.0,Some items are good of this ,0.0039920947,0.0869124681,0.9090954065,Promoter
10.0,It's the biggest brand in India with great consumer satisfaction and innovative in its design and technologies ,0.0014572343,0.0346174873,0.963925302,Promoter
7.0,I don't use its products.,0.8327528834,0.1599434465,0.0073036519,Detractor
,,0.2395021617,0.5281888247,0.0,
,,0.2395021617,0.5281888247,0.0,
6.0,I trust this brand but not much,0.2922108769,0.5839639306,0.1238252297,Detractor
9.0,It's a good brand ,0.0053045703,0.0920607001,0.9026347399,Promoter
,,0.2395021617,0.5281888247,0.0,
7.0,Because I haven't used this brand so it is impossible to trust on them while buying large appliances.,0.856020391,0.1385910362,0.0053885472,Detractor
,,0.2395021617,0.5281888247,0.0,
,,0.2395021617,0.5281888247,0.0,
,,0.2395021617,0.5281888247,0.0,
,,0.2395021617,0.5281888247,0.0,
8.0,Because godrej is good company for large application but problem i faced they does not have not good power for saving electricity compare to substitute product.,0.5963267684,0.352638036,0.0510352254,Detractor
10.0,This is a very attractive power consumption ,0.0028948011,0.037754342,0.959350884,Promoter
,,0.2395021617,0.5281888247,0.0,
9.0,It's a good and trustworthy brand ,0.0036750981,0.088241376,0.9080835581,Promoter
,,0.2395021617,0.5281888247,0.0,
,,0.2395021617,0.5281888247,0.0,
10.0,Godrej is very satisfying ,0.0048834421,0.0449148156,0.9502017498,Promoter
7.0,I think this is a very popular and wonderful brands for me and my household. It has the best products.,0.0011706243,0.0073649692,0.9914644361,Revised Promoter
5.0,It's good and old brand but not that good ok ok,0.417129159,0.4415049851,0.1413658559,Detractor
10.0,It is a good brand with wide range of products.,0.0016570726,0.0277076811,0.9706352353,Promoter
8.0,Godrej is very good brand when comes to refrigerators and past we used it and overall it performs good ,0.0021362172,0.0333321355,0.9645316601,Promoter
5.0,It is a brand that i am using for a long time. ,0.0125964237,0.3953831494,0.5920203924,Revised Promoter
9.0,It's because it provides really good feature,0.004669046,0.0582990535,0.9370319247,Promoter
,,0.2395021617,0.5281888247,0.0,
5.0,i find this score relevant to this brand,0.0056151613,0.5202554464,0.4741294384,Detractor
,,0.2395021617,0.5281888247,0.0,
,,0.2395021617,0.5281888247,0.0,
8.0,Its products are good but no have much features.,0.0705426931,0.2619569004,0.6675003767,Promoter
9.0,Because godrej provide best item and service,0.009561263,0.1525087655,0.8379299641,Promoter
9.0,It's a trusted brand formany years.,0.0096233506,0.3238378167,0.6665388346,Promoter
,,0.2395021617,0.5281888247,0.0,
,,0.2395021617,0.5281888247,0.0,
,,0.2395021617,0.5281888247,0.0,
,,0.2395021617,0.5281888247,0.0,
10.0,It's very good brand ,0.0037340538,0.0505343191,0.9457315803,Promoter
,,0.2395021617,0.5281888247,0.0,
8.0,The godrej products are good but not that very much good,0.4516145885,0.4307599664,0.1176254004,Detractor
10.0,I love it,0.0082782842,0.0262177382,0.9655040503,Promoter
,,0.2395021617,0.5281888247,0.0,
,,0.2395021617,0.5281888247,0.0,
,,0.2395021617,0.5281888247,0.0,
,,0.2395021617,0.5281888247,0.0,
,,0.2395021617,0.5281888247,0.0,
,,0.2395021617,0.5281888247,0.0,
,,0.2395021617,0.5281888247,0.0,
8.0,Because I have heard a lot about the brand but am yet to use it myself,0.1694775671,0.7484744787,0.0820479393,Detractor
9.0,9,,,,
10.0,7,,,,
,,0.2395021617,0.5281888247,0.0,
8.0,I like the brand as it is a global brand,0.0039225505,0.0899505615,0.9061268568,Promoter
10.0,Because I have a good past experience,0.0049440698,0.0729626417,0.9220932722,Promoter
,,0.2395021617,0.5281888247,0.0,
10.0,I like its product quality. ,0.0108457394,0.1012850627,0.8878692389,Promoter
9.0,It gives better quality product,0.0354366638,0.272721678,0.6918416619,Promoter
10.0,Very much,0.0775002614,0.6560851336,0.2664146125,Revised Detractor
,,0.2395021617,0.5281888247,0.0,
10.0,10,,,,
,,0.2395021617,0.5281888247,0.0,
,,0.2395021617,0.5281888247,0.0,
10.0,This because gooderj is very beautiful and trusted company,0.0016487259,0.0186029151,0.9797483087,Promoter
,,0.2395021617,0.5281888247,0.0,
,,0.2395021617,0.5281888247,0.0,
8.0,Godrej has good quality of purchase ,0.0063533001,0.1545285881,0.8391180634,Promoter
9.0,It is strong,0.018139299,0.3458922505,0.6359684467,Promoter
6.0,Average product ,0.374681145,0.5362614989,0.0890574008,Detractor
,,0.2395021617,0.5281888247,0.0,
,,0.2395021617,0.5281888247,0.0,
10.0,It has a good reputation ,0.0087597948,0.1590116769,0.8322285414,Promoter
,,0.2395021617,0.5281888247,0.0,
,,0.2395021617,0.5281888247,0.0,
,,0.2395021617,0.5281888247,0.0,
,,0.2395021617,0.5281888247,0.0,
10.0,Because of good quality of products,0.0140412822,0.2064894587,0.7794693112,Promoter
,,0.2395021617,0.5281888247,0.0,
,,0.2395021617,0.5281888247,0.0,
9.0,Product are very nice,0.0025458166,0.0177470297,0.9797071218,Promoter
,,0.2395021617,0.5281888247,0.0,
10.0,I like its products ,0.0057648174,0.0830453187,0.9111898541,Promoter
2.0,What the fuck ,0.9294787645,0.0597968623,0.0107243126,Detractor
,,0.2395021617,0.5281888247,0.0,
5.0,Because it is a trusted brand and we use them from generation ,0.0122062061,0.4350519478,0.5527418256,Revised Promoter
,,0.2395021617,0.5281888247,0.0,
,,0.2395021617,0.5281888247,0.0,
,,0.2395021617,0.5281888247,0.0,
,,0.2395021617,0.5281888247,0.0,
9.0,10,,,,
10.0,It has long time good usage,0.0046640658,0.103556633,0.8917793632,Promoter
10.0,I like their quality of product.,0.0059022848,0.0765048265,0.9175929427,Promoter
6.0,It's hardware good,0.0183983352,0.1601382196,0.8214634657,Revised Promoter
,,0.2395021617,0.5281888247,0.0,
,,0.2395021617,0.5281888247,0.0,
2.0,Hi I was just wondering what time the meeting is on Monday pm class kar ,0.0330800191,0.9092279673,0.0576919653,Detractor
,,0.2395021617,0.5281888247,0.0,
,,0.2395021617,0.5281888247,0.0,
,,0.2395021617,0.5281888247,0.0,
,,0.2395021617,0.5281888247,0.0,
,,0.2395021617,0.5281888247,0.0,
,,0.2395021617,0.5281888247,0.0,
,,0.2395021617,0.5281888247,0.0,
,,0.2395021617,0.5281888247,0.0,
6.0,Good service ,0.0122512719,0.1203387454,0.8674100637,Revised Promoter
8.0,Good quality products ,0.0120395655,0.1604588479,0.827501595,Promoter
,,0.2395021617,0.5281888247,0.0,
3.0,Very good,0.005273812,0.0428517126,0.9518744946,Revised Promoter
,,0.2395021617,0.5281888247,0.0,
9.0,It's a nice brand and product are of good quality ,0.0019504663,0.0232449453,0.9748046398,Promoter
9.0,Lesss used,0.3183396161,0.6346868873,0.0469735228,Revised Detractor
10.0,100,,,,
,,0.2395021617,0.5281888247,0.0,
,,0.2395021617,0.5281888247,0.0,
,,0.2395021617,0.5281888247,0.0,
3.0,7 out of 10,0.0853974596,0.7357109189,0.178891629,Detractor
,,0.2395021617,0.5281888247,0.0,
8.0,I have used it in the past,0.1189988032,0.8202825785,0.0607185736,Detractor
10.0,Godrej brand very good anf and nice,0.0019974625,0.0257848054,0.9722177982,Promoter
7.0,"Being the oldest refrigerator company in India, Godrej offers good quality of refrigerators. Just like other brands, it has its own hits and misses. One of the biggest miss from Godrej is the unavailability of premium French or multi-door refrigerators which all other big brands offer.",0.4215556383,0.4378815889,0.1405627131,Detractor
,,0.2395021617,0.5281888247,0.0,
,,0.2395021617,0.5281888247,0.0,
5.0,It's have less warranty period ,0.2399477959,0.691624105,0.0684280619,Detractor
,,0.2395021617,0.5281888247,0.0,
,,0.2395021617,0.5281888247,0.0,
10.0,10,,,,
,,0.2395021617,0.5281888247,0.0,
,,0.2395021617,0.5281888247,0.0,
6.0,Because design are not good,0.9518063068,0.0452196449,0.0029740541,Detractor
8.0,Its a good brand but there is something they lack of innovation ,0.5167810917,0.3863464892,0.0968724117,Detractor
,,0.2395021617,0.5281888247,0.0,
,,0.2395021617,0.5281888247,0.0,
10.0,Because I use products of this brand,0.0687561631,0.756757021,0.174486801,Revised Detractor
10.0,10 out of 10,0.0274585318,0.5888041854,0.3837372661,Revised Detractor
10.0,Because godrej are good and trusted brand and i love this brand they are provide good quality products ,0.0015856418,0.0141823981,0.9842319489,Promoter
,,0.2395021617,0.5281888247,0.0,
,,0.2395021617,0.5281888247,0.0,
,,0.2395021617,0.5281888247,0.0,
9.0,Quality is good,0.0103200823,0.1266206801,0.8630592823,Promoter
9.0,Because godrej is a good product manager,0.0066603078,0.1157931015,0.8775465488,Promoter
,,0.2395021617,0.5281888247,0.0,
,,0.2395021617,0.5281888247,0.0,
8.0,Good brand no fake product good quality ,0.0240923967,0.1970890611,0.7788185477,Promoter
,,0.2395021617,0.5281888247,0.0,
4.0,Very good,0.005273812,0.0428517126,0.9518744946,Revised Promoter
,,0.2395021617,0.5281888247,0.0,
6.0,Godrej products are durable and of good quality,0.0035026746,0.0794521719,0.9170451164,Revised Promoter
,,0.2395021617,0.5281888247,0.0,
,,0.2395021617,0.5281888247,0.0,
10.0,Because easy and trustworthy brand,0.0115450341,0.2637576759,0.7246973515,Promoter
,,0.2395021617,0.5281888247,0.0,
,,0.2395021617,0.5281888247,0.0,
,,0.2395021617,0.5281888247,0.0,
,,0.2395021617,0.5281888247,0.0,
,,0.2395021617,0.5281888247,0.0,
,,0.2395021617,0.5281888247,0.0,
10.0,Good brand ,0.0159085132,0.2201441675,0.7639473677,Promoter
,,0.2395021617,0.5281888247,0.0,
7.0,Godrej is the leading brand for consumer durables and is mostly known for locks and keys,0.0052505704,0.5376666188,0.4570827782,Detractor
,,0.2395021617,0.5281888247,0.0,
,,0.2395021617,0.5281888247,0.0,
10.0,According to me it's good ,0.0084442087,0.1125016585,0.8790541291,Promoter
9.0,Godrej have a good quality of product we can trust.,0.0032921571,0.075715892,0.9209918976,Promoter
9.0,Godrej has some badass build quality. It's products are very durable,0.003059169,0.0484210514,0.9485197067,Promoter
,,0.2395021617,0.5281888247,0.0,
6.0,It's a good brand and this brand provide us a valueable product that's why,0.0018285327,0.0271649212,0.9710065126,Revised Promoter
10.0,Good quality service expirence,0.0245216899,0.2329274416,0.7425509095,Promoter
7.0,Good product,0.0086584734,0.0993220285,0.8920195699,Revised Promoter
4.0,Because it is very easy to use ,0.0050952034,0.0728472471,0.9220575094,Revised Promoter
10.0,Fast speed,0.0920658186,0.7060697079,0.2018645108,Revised Detractor
10.0,Because i used their refrigerator.. and their costumer service is so good,0.0019507752,0.0126493853,0.9853997827,Promoter
6.0,It has quality products ,0.016987849,0.2526613176,0.730350852,Revised Promoter
8.0,"It was very useable
",0.0056792917,0.0765192732,0.9178014398,Promoter
,,0.2395021617,0.5281888247,0.0,
9.0,It's an old brand in market and have some reliable and good quality products ,0.0138723496,0.2076138556,0.7785138488,Promoter
6.0,"One and only problem witg godrej is, they consume more power",0.8209121823,0.1724310219,0.0066567613,Detractor
,,0.2395021617,0.5281888247,0.0,
9.0,"They provide excellent,and good quality products ",0.0040133037,0.0473892987,0.9485973716,Promoter
7.0,It's good ,0.0037958089,0.0409125276,0.9552916288,Revised Promoter
,,0.2395021617,0.5281888247,0.0,
,,0.2395021617,0.5281888247,0.0,
10.0,It is important because they have been working with people,0.018093301,0.4067999423,0.5751067996,Promoter
10.0,Good product ,0.0087558441,0.1015335321,0.8897106051,Promoter
,,0.2395021617,0.5281888247,0.0,
,,0.2395021617,0.5281888247,0.0,
,,0.2395021617,0.5281888247,0.0,
,,0.2395021617,0.5281888247,0.0,
,,0.2395021617,0.5281888247,0.0,
,,0.2395021617,0.5281888247,0.0,
,,0.2395021617,0.5281888247,0.0,
,,0.2395021617,0.5281888247,0.0,
,,0.2395021617,0.5281888247,0.0,
,,0.2395021617,0.5281888247,0.0,
6.0,Because it's an old company with a name,0.2182853222,0.7159417868,0.0657729506,Detractor
10.0,beacuse godrej is bestcompany in large wlwtronic products there are good lnowlwdgeble products manufacture,0.0049762623,0.1020278931,0.8929958344,Promoter
10.0,It is very trusted barad. And durable.,0.0069655627,0.2359433472,0.757091105,Promoter
,,0.2395021617,0.5281888247,0.0,
,,0.2395021617,0.5281888247,0.0,
7.0,They provide quality services and products.,0.0096723391,0.1583812684,0.8319464326,Revised Promoter
,,0.2395021617,0.5281888247,0.0,
3.0,"Its only average, theres better brands out there",0.2971078157,0.5228200555,0.1800721735,Detractor
10.0,Godrej product is very good .,0.002744799,0.0289605763,0.9682945609,Promoter
6.0,Better quality ,0.0624287426,0.5186647177,0.4189065397,Detractor
,,0.2395021617,0.5281888247,0.0,
,,0.2395021617,0.5281888247,0.0,
,,0.2395021617,0.5281888247,0.0,
,,0.2395021617,0.5281888247,0.0,
9.0,GOOD QUALITY PRODUCTS AND SERVICES ,0.017002359,0.2343201935,0.7486774921,Promoter
8.0,It's price is good ,0.0046883789,0.0647637919,0.930547893,Promoter
10.0,Godrej is a multi national brand,0.0422420017,0.8372537494,0.1205042452,Revised Detractor
,,0.2395021617,0.5281888247,0.0,
,,0.2395021617,0.5281888247,0.0,
,,0.2395021617,0.5281888247,0.0,
9.0,In my opinion that is very reputed company with all high quality products.,0.0048384112,0.0919498056,0.9032117724,Promoter
,,0.2395021617,0.5281888247,0.0,
7.0,I like this brand very much,0.0014469706,0.0169494059,0.9816036224,Revised Promoter
,,0.2395021617,0.5281888247,0.0,
,,0.2395021617,0.5281888247,0.0,
,,0.2395021617,0.5281888247,0.0,
9.0,because its a known reputed brand who make some good quality products ,0.0058954689,0.1188760474,0.8752284646,Promoter
,,0.2395021617,0.5281888247,0.0,
,,0.2395021617,0.5281888247,0.0,
,,0.2395021617,0.5281888247,0.0,
7.0,I like this brand for implications,0.0037258605,0.0863571391,0.9099169374,Revised Promoter
,,0.2395021617,0.5281888247,0.0,
9.0,10,,,,
10.0,It's one of the leading brand in india,0.0032336456,0.1902180761,0.8065482378,Promoter
,,0.2395021617,0.5281888247,0.0,
5.0,Its an old brand nowadays not at all promotional,0.3687657416,0.5711611509,0.0600731075,Detractor
9.0,Because godrej products has better quality ,0.0231157038,0.2537947893,0.7230895162,Promoter
,,0.2395021617,0.5281888247,0.0,
8.0,Because of the most important ahe to the work of the most important ahe to the work of the day ðŸ¤¥I am in ,0.0036841992,0.1748307198,0.8214851022,Promoter
,,0.2395021617,0.5281888247,0.0,
6.0,Don't have much experience with Godrej Products ,0.5279524326,0.4519895911,0.020058047,Detractor
,,0.2395021617,0.5281888247,0.0,
,,0.2395021617,0.5281888247,0.0,
1.0,5,,,,
6.0,Godrej is a reliable brand ,0.0126691908,0.3464757204,0.6408550739,Revised Promoter
,,0.2395021617,0.5281888247,0.0,
,,0.2395021617,0.5281888247,0.0,
10.0,"It has kept it's legacy with an assured quality product no matter what the product is, it has maintained a quality that can be trusted. ",0.0094011733,0.2295694053,0.7610294223,Promoter
,,0.2395021617,0.5281888247,0.0,
8.0,Assurance,0.0898003504,0.7107021809,0.1994974762,Detractor
,,0.2395021617,0.5281888247,0.0,
,,0.2395021617,0.5281888247,0.0,
8.0,They are not good for long run,0.9496218562,0.0464404114,0.0039377776,Detractor
8.0,7,,,,
,,0.2395021617,0.5281888247,0.0,
8.0,Customer service is not good,0.9755235314,0.0219951421,0.002481332,Detractor
5.0,I like it,0.010962408,0.1102624685,0.8787751198,Revised Promoter
,,0.2395021617,0.5281888247,0.0,
,,0.2395021617,0.5281888247,0.0,
7.0,I have used in the past it wasn't efficient and  quality is not good ,0.9379724264,0.0573006421,0.0047269985,Detractor
5.0,Not new products are launched as per today's needs ,0.4564529359,0.5058157444,0.0377312601,Detractor
10.0,10,,,,
,,0.2395021617,0.5281888247,0.0,
10.0,This is one of the best brand in this field ,0.0016137246,0.0200000666,0.9783862233,Promoter
9.0,It gadls good quality of products,0.0183879919,0.302095294,0.6795167327,Promoter
,,0.2395021617,0.5281888247,0.0,
,,0.2395021617,0.5281888247,0.0,
,,0.2395021617,0.5281888247,0.0,
,,0.2395021617,0.5281888247,0.0,
,,0.2395021617,0.5281888247,0.0,
10.0,It manufacturers good quality products ,0.0118798623,0.2386261076,0.7494940758,Promoter
,,0.2395021617,0.5281888247,0.0,
8.0,"Godrej company is fine , it has to work on it's service center.",0.0395464972,0.478859216,0.4815942943,Detractor
,,0.2395021617,0.5281888247,0.0,
,,0.2395021617,0.5281888247,0.0,
10.0,Established brand and quality products ,0.0339376815,0.5556935072,0.4103688002,Revised Detractor
3.0,Good,0.0607934222,0.3294278681,0.6097786427,Revised Promoter
,,0.2395021617,0.5281888247,0.0,
8.0,excellent products,0.0060000946,0.054401271,0.9395986199,Promoter
9.0,I like it,0.010962408,0.1102624685,0.8787751198,Promoter
,,0.2395021617,0.5281888247,0.0,
,,0.2395021617,0.5281888247,0.0,
6.0,6,,,,
10.0,Because of its customer service and good product quality ,0.0090108821,0.141205892,0.8497832417,Promoter
,,0.2395021617,0.5281888247,0.0,
,,0.2395021617,0.5281888247,0.0,
,,0.2395021617,0.5281888247,0.0,
,,0.2395021617,0.5281888247,0.0,
,,0.2395021617,0.5281888247,0.0,
,,0.2395021617,0.5281888247,0.0,
,,0.2395021617,0.5281888247,0.0,
7.0,It is a good brand but i am a bit skeptical about it,0.3002287447,0.557831943,0.1419393271,Detractor
,,0.2395021617,0.5281888247,0.0,
8.0,Because its reliable ,0.0303067733,0.4857150614,0.4839781821,Detractor
9.0,because of the service that godrej provide me,0.0100079337,0.2423036098,0.7476884127,Promoter
6.0,Maine iske products use ni kiye h isliye mujhko jyada pata ni h,0.1449963897,0.8244552016,0.0305484664,Detractor
7.0,Because it has wide range products. And it is Indian brand which I trust,0.0035946737,0.1272259355,0.8691794276,Revised Promoter
,,0.2395021617,0.5281888247,0.0,
,,0.2395021617,0.5281888247,0.0,
10.0,Godrej is an trusted brand. Their products have good warranty and guarantee. And they have good customer service.,0.0023573351,0.0351117998,0.962530911,Promoter
2.0,"It is good
",0.0073158834,0.0630384684,0.9296455979,Revised Promoter
,,0.2395021617,0.5281888247,0.0,
10.0,Because they make reliable products ,0.0209087525,0.3669175804,0.6121736169,Promoter
,,0.2395021617,0.5281888247,0.0,
,,0.2395021617,0.5281888247,0.0,
10.0,It is because it's customer service support is so awesome,0.0029737977,0.015852401,0.9811737537,Promoter
9.0,Good quality ,0.0217298735,0.2667070031,0.71156317,Promoter
8.0,It is because its customer service support is so awesome.,0.0034293642,0.0185141265,0.97805655,Promoter
5.0,"Godrej performance and price are reliable
",0.0161914136,0.5069868565,0.4768217504,Detractor
,,0.2395021617,0.5281888247,0.0,
,,0.2395021617,0.5281888247,0.0,
9.0,"Godrej Consumer Products Limited (GCPL) is famous for manufacturing soaps, liquid detergents, hair colourants and toiletries. Godrej AgroveT Limited (GAVL) is involved in animal feed and agribusiness. Godrej Properties Limited is a real estate company and is one of the top real estate developers in India.",0.0044526998,0.3067084253,0.6888388395,Promoter
,,0.2395021617,0.5281888247,0.0,
,,0.2395021617,0.5281888247,0.0,
6.0,9,,,,
9.0,Good survices ,0.0138368336,0.2173342705,0.7688288689,Promoter
10.0,Super product quality,0.0144795943,0.1626235545,0.8228968382,Promoter
10.0,Because it's the top brand for the best quality of it's products and also very popular in my city. ,0.0016237629,0.0319734141,0.9664027691,Promoter
,,0.2395021617,0.5281888247,0.0,
10.0,Good quality product ,0.0093510114,0.1130593866,0.877589643,Promoter
5.0,As I don't use it,0.4071654975,0.5659162998,0.0269182548,Detractor
8.0,Because it's products are durable,0.0160086378,0.3645484447,0.6194428802,Promoter
8.0,Godrej is great but not the best,0.5093296766,0.4021607637,0.0885095447,Detractor
10.0,Locking mechanism ,0.211038515,0.716148138,0.0728132874,Revised Detractor
9.0,Fantastic quality ,0.0363122188,0.2617253065,0.701962471,Promoter
5.0,It's one of the best brand ever,0.0015187565,0.0105358483,0.9879454374,Revised Promoter
,,0.2395021617,0.5281888247,0.0,
,,0.2395021617,0.5281888247,0.0,
,,0.2395021617,0.5281888247,0.0,
,,0.2395021617,0.5281888247,0.0,
,,0.2395021617,0.5281888247,0.0,
,,0.2395021617,0.5281888247,0.0,
,,0.2395021617,0.5281888247,0.0,
,,0.2395021617,0.5281888247,0.0,
,,0.2395021617,0.5281888247,0.0,
,,0.2395021617,0.5281888247,0.0,
,,0.2395021617,0.5281888247,0.0,
,,0.2395021617,0.5281888247,0.0,
,,0.2395021617,0.5281888247,0.0,
,,0.2395021617,0.5281888247,0.0,
,,0.2395021617,0.5281888247,0.0,
,,0.2395021617,0.5281888247,0.0,
,,0.2395021617,0.5281888247,0.0,
,,0.2395021617,0.5281888247,0.0,
,,0.2395021617,0.5281888247,0.0,
,,0.2395021617,0.5281888247,0.0,
,,0.2395021617,0.5281888247,0.0,
,,0.2395021617,0.5281888247,0.0,
,,0.2395021617,0.5281888247,0.0,
,,0.2395021617,0.5281888247,0.0,
,,0.2395021617,0.5281888247,0.0,
,,0.2395021617,0.5281888247,0.0,
,,0.2395021617,0.5281888247,0.0,
,,0.2395021617,0.5281888247,0.0,
,,0.2395021617,0.5281888247,0.0,
,,0.2395021617,0.5281888247,0.0,
,,0.2395021617,0.5281888247,0.0,
,,0.2395021617,0.5281888247,0.0,
,,0.2395021617,0.5281888247,0.0,
,,0.2395021617,0.5281888247,0.0,
,,0.2395021617,0.5281888247,0.0,
,,0.2395021617,0.5281888247,0.0,
,,0.2395021617,0.5281888247,0.0,
,,0.2395021617,0.5281888247,0.0,
,,0.2395021617,0.5281888247,0.0,
,,0.2395021617,0.5281888247,0.0,
,,0.2395021617,0.5281888247,0.0,
,,0.2395021617,0.5281888247,0.0,
,,0.2395021617,0.5281888247,0.0,
,,0.2395021617,0.5281888247,0.0,
,,0.2395021617,0.5281888247,0.0,
,,0.2395021617,0.5281888247,0.0,
,,0.2395021617,0.5281888247,0.0,
,,0.2395021617,0.5281888247,0.0,
,,0.2395021617,0.5281888247,0.0,
,,0.2395021617,0.5281888247,0.0,
,,0.2395021617,0.5281888247,0.0,
,,0.2395021617,0.5281888247,0.0,
,,0.2395021617,0.5281888247,0.0,
,,0.2395021617,0.5281888247,0.0,
,,0.2395021617,0.5281888247,0.0,
,,0.2395021617,0.5281888247,0.0,
,,0.2395021617,0.5281888247,0.0,
,,0.2395021617,0.5281888247,0.0,
,,0.2395021617,0.5281888247,0.0,
,,0.2395021617,0.5281888247,0.0,
,,0.2395021617,0.5281888247,0.0,
,,0.2395021617,0.5281888247,0.0,
,,0.2395021617,0.5281888247,0.0,
,,0.2395021617,0.5281888247,0.0,
,,0.2395021617,0.5281888247,0.0,
,,0.2395021617,0.5281888247,0.0,
,,0.2395021617,0.5281888247,0.0,
,,0.2395021617,0.5281888247,0.0,
,,0.2395021617,0.5281888247,0.0,
,,0.2395021617,0.5281888247,0.0,
,,0.2395021617,0.5281888247,0.0,
,,0.2395021617,0.5281888247,0.0,
,,0.2395021617,0.5281888247,0.0,
,,0.2395021617,0.5281888247,0.0,
,,0.2395021617,0.5281888247,0.0,
,,0.2395021617,0.5281888247,0.0,
,,0.2395021617,0.5281888247,0.0,
,,0.2395021617,0.5281888247,0.0,
,,0.2395021617,0.5281888247,0.0,
,,0.2395021617,0.5281888247,0.0,
,,0.2395021617,0.5281888247,0.0,
,,0.2395021617,0.5281888247,0.0,
,,0.2395021617,0.5281888247,0.0,
,,0.2395021617,0.5281888247,0.0,
,,0.2395021617,0.5281888247,0.0,
,,0.2395021617,0.5281888247,0.0,
,,0.2395021617,0.5281888247,0.0,
,,0.2395021617,0.5281888247,0.0,
,,0.2395021617,0.5281888247,0.0,
,,0.2395021617,0.5281888247,0.0,
,,0.2395021617,0.5281888247,0.0,
,,0.2395021617,0.5281888247,0.0,
,,0.2395021617,0.5281888247,0.0,
,,0.2395021617,0.5281888247,0.0,
,,0.2395021617,0.5281888247,0.0,
,,0.2395021617,0.5281888247,0.0,
,,0.2395021617,0.5281888247,0.0,
,,0.2395021617,0.5281888247,0.0,
,,0.2395021617,0.5281888247,0.0,
,,0.2395021617,0.5281888247,0.0,
,,0.2395021617,0.5281888247,0.0,
,,0.2395021617,0.5281888247,0.0,
,,0.2395021617,0.5281888247,0.0,
,,0.2395021617,0.5281888247,0.0,
,,0.2395021617,0.5281888247,0.0,
,,0.2395021617,0.5281888247,0.0,
,,0.2395021617,0.5281888247,0.0,
,,0.2395021617,0.5281888247,0.0,
,,0.2395021617,0.5281888247,0.0,
,,0.2395021617,0.5281888247,0.0,
,,0.2395021617,0.5281888247,0.0,
,,0.2395021617,0.5281888247,0.0,
,,0.2395021617,0.5281888247,0.0,
,,0.2395021617,0.5281888247,0.0,
,,0.2395021617,0.5281888247,0.0,
,,0.2395021617,0.5281888247,0.0,
,,0.2395021617,0.5281888247,0.0,
,,0.2395021617,0.5281888247,0.0,
,,0.2395021617,0.5281888247,0.0,
,,0.2395021617,0.5281888247,0.0,
,,0.2395021617,0.5281888247,0.0,
,,0.2395021617,0.5281888247,0.0,
,,0.2395021617,0.5281888247,0.0,
,,0.2395021617,0.5281888247,0.0,
,,0.2395021617,0.5281888247,0.0,
,,0.2395021617,0.5281888247,0.0,
,,0.2395021617,0.5281888247,0.0,
,,0.2395021617,0.5281888247,0.0,
,,0.2395021617,0.5281888247,0.0,
,,0.2395021617,0.5281888247,0.0,
,,0.2395021617,0.5281888247,0.0,
,,0.2395021617,0.5281888247,0.0,
,,0.2395021617,0.5281888247,0.0,
,,0.2395021617,0.5281888247,0.0,
,,0.2395021617,0.5281888247,0.0,
,,0.2395021617,0.5281888247,0.0,
,,0.2395021617,0.5281888247,0.0,
,,0.2395021617,0.5281888247,0.0,
,,0.2395021617,0.5281888247,0.0,
,,0.2395021617,0.5281888247,0.0,
,,0.2395021617,0.5281888247,0.0,
,,0.2395021617,0.5281888247,0.0,
,,0.2395021617,0.5281888247,0.0,
,,0.2395021617,0.5281888247,0.0,
,,0.2395021617,0.5281888247,0.0,
,,0.2395021617,0.5281888247,0.0,
,,0.2395021617,0.5281888247,0.0,
,,0.2395021617,0.5281888247,0.0,
,,0.2395021617,0.5281888247,0.0,
,,0.2395021617,0.5281888247,0.0,
,,0.2395021617,0.5281888247,0.0,
,,0.2395021617,0.5281888247,0.0,
,,0.2395021617,0.5281888247,0.0,
,,0.2395021617,0.5281888247,0.0,
,,0.2395021617,0.5281888247,0.0,
,,0.2395021617,0.5281888247,0.0,
,,0.2395021617,0.5281888247,0.0,
,,0.2395021617,0.5281888247,0.0,
,,0.2395021617,0.5281888247,0.0,
,,0.2395021617,0.5281888247,0.0,
,,0.2395021617,0.5281888247,0.0,
,,0.2395021617,0.5281888247,0.0,
,,0.2395021617,0.5281888247,0.0,
,,0.2395021617,0.5281888247,0.0,
,,0.2395021617,0.5281888247,0.0,
,,0.2395021617,0.5281888247,0.0,
,,0.2395021617,0.5281888247,0.0,
,,0.2395021617,0.5281888247,0.0,
,,0.2395021617,0.5281888247,0.0,
,,0.2395021617,0.5281888247,0.0,
,,0.2395021617,0.5281888247,0.0,
,,0.2395021617,0.5281888247,0.0,
,,0.2395021617,0.5281888247,0.0,
,,0.2395021617,0.5281888247,0.0,
,,0.2395021617,0.5281888247,0.0,
,,0.2395021617,0.5281888247,0.0,
,,0.2395021617,0.5281888247,0.0,
,,0.2395021617,0.5281888247,0.0,
,,0.2395021617,0.5281888247,0.0,
,,0.2395021617,0.5281888247,0.0,
,,0.2395021617,0.5281888247,0.0,
,,0.2395021617,0.5281888247,0.0,
,,0.2395021617,0.5281888247,0.0,
,,0.2395021617,0.5281888247,0.0,
,,0.2395021617,0.5281888247,0.0,
,,0.2395021617,0.5281888247,0.0,
,,0.2395021617,0.5281888247,0.0,
,,0.2395021617,0.5281888247,0.0,
,,0.2395021617,0.5281888247,0.0,
,,0.2395021617,0.5281888247,0.0,
,,0.2395021617,0.5281888247,0.0,
,,0.2395021617,0.5281888247,0.0,
,,0.2395021617,0.5281888247,0.0,
,,0.2395021617,0.5281888247,0.0,
,,0.2395021617,0.5281888247,0.0,
,,0.2395021617,0.5281888247,0.0,
,,0.2395021617,0.5281888247,0.0,
,,0.2395021617,0.5281888247,0.0,
,,0.2395021617,0.5281888247,0.0,
,,0.2395021617,0.5281888247,0.0,
,,0.2395021617,0.5281888247,0.0,
,,0.2395021617,0.5281888247,0.0,
,,0.2395021617,0.5281888247,0.0,
,,0.2395021617,0.5281888247,0.0,
,,0.2395021617,0.5281888247,0.0,
,,0.2395021617,0.5281888247,0.0,
,,0.2395021617,0.5281888247,0.0,
,,0.2395021617,0.5281888247,0.0,
,,0.2395021617,0.5281888247,0.0,
,,0.2395021617,0.5281888247,0.0,
,,0.2395021617,0.5281888247,0.0,
,,0.2395021617,0.5281888247,0.0,
,,0.2395021617,0.5281888247,0.0,
,,0.2395021617,0.5281888247,0.0,
,,0.2395021617,0.5281888247,0.0,
,,0.2395021617,0.5281888247,0.0,
,,0.2395021617,0.5281888247,0.0,
,,0.2395021617,0.5281888247,0.0,
,,0.2395021617,0.5281888247,0.0,
,,0.2395021617,0.5281888247,0.0,
,,0.2395021617,0.5281888247,0.0,
,,0.2395021617,0.5281888247,0.0,
,,0.2395021617,0.5281888247,0.0,
,,0.2395021617,0.5281888247,0.0,
,,0.2395021617,0.5281888247,0.0,
,,0.2395021617,0.5281888247,0.0,
,,0.2395021617,0.5281888247,0.0,
,,0.2395021617,0.5281888247,0.0,
,,0.2395021617,0.5281888247,0.0,
,,0.2395021617,0.5281888247,0.0,
,,0.2395021617,0.5281888247,0.0,
,,0.2395021617,0.5281888247,0.0,
,,0.2395021617,0.5281888247,0.0,
,,0.2395021617,0.5281888247,0.0,
,,0.2395021617,0.5281888247,0.0,
,,0.2395021617,0.5281888247,0.0,
,,0.2395021617,0.5281888247,0.0,
,,0.2395021617,0.5281888247,0.0,
,,0.2395021617,0.5281888247,0.0,
,,0.2395021617,0.5281888247,0.0,
,,0.2395021617,0.5281888247,0.0,
,,0.2395021617,0.5281888247,0.0,
,,0.2395021617,0.5281888247,0.0,
,,0.2395021617,0.5281888247,0.0,
,,0.2395021617,0.5281888247,0.0,
,,0.2395021617,0.5281888247,0.0,
,,0.2395021617,0.5281888247,0.0,
,,0.2395021617,0.5281888247,0.0,
,,0.2395021617,0.5281888247,0.0,
,,0.2395021617,0.5281888247,0.0,
,,0.2395021617,0.5281888247,0.0,
,,0.2395021617,0.5281888247,0.0,
,,0.2395021617,0.5281888247,0.0,
,,0.2395021617,0.5281888247,0.0,
,,0.2395021617,0.5281888247,0.0,
,,0.2395021617,0.5281888247,0.0,
,,0.2395021617,0.5281888247,0.0,
,,0.2395021617,0.5281888247,0.0,
,,0.2395021617,0.5281888247,0.0,
,,0.2395021617,0.5281888247,0.0,
,,0.2395021617,0.5281888247,0.0,
,,0.2395021617,0.5281888247,0.0,
,,0.2395021617,0.5281888247,0.0,
,,0.2395021617,0.5281888247,0.0,
,,0.2395021617,0.5281888247,0.0,
,,0.2395021617,0.5281888247,0.0,
,,0.2395021617,0.5281888247,0.0,
,,0.2395021617,0.5281888247,0.0,
,,0.2395021617,0.5281888247,0.0,
,,0.2395021617,0.5281888247,0.0,
,,0.2395021617,0.5281888247,0.0,
,,0.2395021617,0.5281888247,0.0,
,,0.2395021617,0.5281888247,0.0,
,,0.2395021617,0.5281888247,0.0,
,,0.2395021617,0.5281888247,0.0,
,,0.2395021617,0.5281888247,0.0,
,,0.2395021617,0.5281888247,0.0,
,,0.2395021617,0.5281888247,0.0,
,,0.2395021617,0.5281888247,0.0,
,,0.2395021617,0.5281888247,0.0,
,,0.2395021617,0.5281888247,0.0,
,,0.2395021617,0.5281888247,0.0,
,,0.2395021617,0.5281888247,0.0,
,,0.2395021617,0.5281888247,0.0,
,,0.2395021617,0.5281888247,0.0,
,,0.2395021617,0.5281888247,0.0,
,,0.2395021617,0.5281888247,0.0,
,,0.2395021617,0.5281888247,0.0,
,,0.2395021617,0.5281888247,0.0,
,,0.2395021617,0.5281888247,0.0,
,,0.2395021617,0.5281888247,0.0,
,,0.2395021617,0.5281888247,0.0,
,,0.2395021617,0.5281888247,0.0,
,,0.2395021617,0.5281888247,0.0,
,,0.2395021617,0.5281888247,0.0,
,,0.2395021617,0.5281888247,0.0,
,,0.2395021617,0.5281888247,0.0,
,,0.2395021617,0.5281888247,0.0,
,,0.2395021617,0.5281888247,0.0,
,,0.2395021617,0.5281888247,0.0,
,,0.2395021617,0.5281888247,0.0,
,,0.2395021617,0.5281888247,0.0,
,,0.2395021617,0.5281888247,0.0,
,,0.2395021617,0.5281888247,0.0,
,,0.2395021617,0.5281888247,0.0,
,,0.2395021617,0.5281888247,0.0,
,,0.2395021617,0.5281888247,0.0,
,,0.2395021617,0.5281888247,0.0,
,,0.2395021617,0.5281888247,0.0,
,,0.2395021617,0.5281888247,0.0,
,,0.2395021617,0.5281888247,0.0,
,,0.2395021617,0.5281888247,0.0,
,,0.2395021617,0.5281888247,0.0,
,,0.2395021617,0.5281888247,0.0,
,,0.2395021617,0.5281888247,0.0,
,,0.2395021617,0.5281888247,0.0,
,,0.2395021617,0.5281888247,0.0,
,,0.2395021617,0.5281888247,0.0,
,,0.2395021617,0.5281888247,0.0,
,,0.2395021617,0.5281888247,0.0,
,,0.2395021617,0.5281888247,0.0,
,,0.2395021617,0.5281888247,0.0,
,,0.2395021617,0.5281888247,0.0,
,,0.2395021617,0.5281888247,0.0,
,,0.2395021617,0.5281888247,0.0,
,,0.2395021617,0.5281888247,0.0,
,,0.2395021617,0.5281888247,0.0,
,,0.2395021617,0.5281888247,0.0,
,,0.2395021617,0.5281888247,0.0,
8.0,Because of good quality ,0.0131297735,0.2255344391,0.7613357902,Promoter
0.0,Nrhgnai nb3y,0.1528382897,0.714530468,0.1326312423,Detractor
6.0,The quality of the product is not good.,0.9715383649,0.0261907168,0.0022709738,Detractor
,,0.2395021617,0.5281888247,0.0,
,,0.2395021617,0.5281888247,0.0,
,,0.2395021617,0.5281888247,0.0,
,,0.2395021617,0.5281888247,0.0,
,,0.2395021617,0.5281888247,0.0,
,,0.2395021617,0.5281888247,0.0,
8.0,My experience ,0.1364169866,0.7214743495,0.1421086639,Detractor
9.0,Good and best quality products ,0.0073922421,0.1070516333,0.8855561018,Promoter
7.0,Because I personally use this brand and I am fully satisfied with it.,0.0015950697,0.027847046,0.9705578089,Revised Promoter
,,0.2395021617,0.5281888247,0.0,
10.0,very better,0.0341980308,0.330878824,0.6349231601,Promoter
4.0,bad experience with godrej product ,0.8270799518,0.1621415764,0.0107785128,Detractor
,,0.2395021617,0.5281888247,0.0,
,,0.2395021617,0.5281888247,0.0,
10.0,Because goderej is best appliance company,0.0076514641,0.1178140864,0.8745344877,Promoter
,,0.2395021617,0.5281888247,0.0,
10.0,100 % score is a very good godrej company,0.0019505011,0.0222411044,0.975808382,Promoter
,,0.2395021617,0.5281888247,0.0,
8.0,I had good experience with this products ,0.0026367153,0.0422001407,0.9551631808,Promoter
,,0.2395021617,0.5281888247,0.0,
,,0.2395021617,0.5281888247,0.0,
,,0.2395021617,0.5281888247,0.0,
,,0.2395021617,0.5281888247,0.0,
,,0.2395021617,0.5281888247,0.0,
,,0.2395021617,0.5281888247,0.0,
,,0.2395021617,0.5281888247,0.0,
8.0,Good ,0.0273889434,0.2357887775,0.7368222475,Promoter
,,0.2395021617,0.5281888247,0.0,
,,0.2395021617,0.5281888247,0.0,
,,0.2395021617,0.5281888247,0.0,
,,0.2395021617,0.5281888247,0.0,
,,0.2395021617,0.5281888247,0.0,
,,0.2395021617,0.5281888247,0.0,
,,0.2395021617,0.5281888247,0.0,
8.0,It well known brand in india ...,0.0269382801,0.7636098266,0.2094518989,Detractor
10.0,I like their quality of products and services.,0.0046208394,0.0534594916,0.941919744,Promoter
10.0,Because someone else of my friend has brought this brand's product and I have seen that it works good ,0.0018357686,0.0395041741,0.9586600661,Promoter
8.0,Very good products,0.0049856668,0.0467057787,0.9483084679,Promoter
7.0,My friend has this product ,0.0140480725,0.487659663,0.4982923269,Detractor
7.0,It is an old and a trusted brand but in its way down in the past few years.,0.5503929853,0.407944113,0.0416629128,Detractor
10.0,Excellent brand I also use it,0.0060308026,0.1300813258,0.8638879061,Promoter
,,0.2395021617,0.5281888247,0.0,
,,0.2395021617,0.5281888247,0.0,
7.0,Because i  saw reviews,0.2812704742,0.6590705514,0.0596588962,Detractor
,,0.2395021617,0.5281888247,0.0,
9.0,Because it is good.,0.0072189593,0.1015846133,0.8911963701,Promoter
10.0,godrej has a very wide range of products with quality,0.005000405,0.1451196074,0.8498799801,Promoter
,,0.2395021617,0.5281888247,0.0,
,,0.2395021617,0.5281888247,0.0,
10.0,it is very good product i always recommended this,0.0020578485,0.0115830544,0.9863590598,Promoter
9.0,This product is very good quality ,0.002869447,0.0249008425,0.9722297192,Promoter
,,0.2395021617,0.5281888247,0.0,
,,0.2395021617,0.5281888247,0.0,
,,0.2395021617,0.5281888247,0.0,
,,0.2395021617,0.5281888247,0.0,
,,0.2395021617,0.5281888247,0.0,
,,0.2395021617,0.5281888247,0.0,
,,0.2395021617,0.5281888247,0.0,
,,0.2395021617,0.5281888247,0.0,
,,0.2395021617,0.5281888247,0.0,
,,0.2395021617,0.5281888247,0.0,
,,0.2395021617,0.5281888247,0.0,
,,0.2395021617,0.5281888247,0.0,
,,0.2395021617,0.5281888247,0.0,
,,0.2395021617,0.5281888247,0.0,
,,0.2395021617,0.5281888247,0.0,
,,0.2395021617,0.5281888247,0.0,
,,0.2395021617,0.5281888247,0.0,
,,0.2395021617,0.5281888247,0.0,
,,0.2395021617,0.5281888247,0.0,
,,0.2395021617,0.5281888247,0.0,
,,0.2395021617,0.5281888247,0.0,
,,0.2395021617,0.5281888247,0.0,
,,0.2395021617,0.5281888247,0.0,
,,0.2395021617,0.5281888247,0.0,
,,0.2395021617,0.5281888247,0.0,
,,0.2395021617,0.5281888247,0.0,
,,0.2395021617,0.5281888247,0.0,
,,0.2395021617,0.5281888247,0.0,
,,0.2395021617,0.5281888247,0.0,
,,0.2395021617,0.5281888247,0.0,
,,0.2395021617,0.5281888247,0.0,
,,0.2395021617,0.5281888247,0.0,
,,0.2395021617,0.5281888247,0.0,
,,0.2395021617,0.5281888247,0.0,
,,0.2395021617,0.5281888247,0.0,
,,0.2395021617,0.5281888247,0.0,
,,0.2395021617,0.5281888247,0.0,
,,0.2395021617,0.5281888247,0.0,
,,0.2395021617,0.5281888247,0.0,
,,0.2395021617,0.5281888247,0.0,
,,0.2395021617,0.5281888247,0.0,
,,0.2395021617,0.5281888247,0.0,
,,0.2395021617,0.5281888247,0.0,
,,0.2395021617,0.5281888247,0.0,
,,0.2395021617,0.5281888247,0.0,
4.0,I don't know much information about the brand and I didn't see any ads about it.,0.3347195983,0.6350218654,0.0302584991,Detractor
,,0.2395021617,0.5281888247,0.0,
7.0,Very good,0.005273812,0.0428517126,0.9518744946,Revised Promoter
8.0,Because of loyalty ,0.0770157576,0.6587030292,0.2642812133,Detractor
,,0.2395021617,0.5281888247,0.0,
10.0,good product at reasonable price and good reviews,0.003745018,0.0549802296,0.9412747622,Promoter
10.0,very nice to items,0.0045571118,0.0446509495,0.9507918954,Promoter
,,0.2395021617,0.5281888247,0.0,
10.0,Good,0.0607934222,0.3294278681,0.6097786427,Promoter
9.0,85,,,,
,,0.2395021617,0.5281888247,0.0,
6.0,As per the user experience ,0.0532985143,0.8266826272,0.1200188771,Detractor
9.0,Godrej is trusted brand,0.021559108,0.6572253704,0.3212155402,Revised Detractor
,,0.2395021617,0.5281888247,0.0,
10.0,Its good,0.006011263,0.0522811674,0.9417076111,Promoter
6.0,10,,,,
6.0,Godrej customer service is not up to mark,0.8930107355,0.1014402956,0.0055489871,Detractor
,,0.2395021617,0.5281888247,0.0,
,,0.2395021617,0.5281888247,0.0,
10.0,very good standard design,0.0109828152,0.1179487705,0.8710683584,Promoter
7.0,Not familiar,0.6320030093,0.3483041227,0.0196929369,Detractor
7.0,I like godrej products and I have been using it since long without any problem ,0.0026171121,0.0296657141,0.9677171707,Revised Promoter
,,0.2395021617,0.5281888247,0.0,
8.0,This is the first time to get along with and I will definitely be there for the interview and yy and help you out and I want be able and willing to do this for you.,0.0020863051,0.0665134862,0.9314002395,Promoter
3.0,Because we already have been using thus brand,0.2047903687,0.7430919409,0.0521177463,Detractor
5.0,Heard that it is good brand,0.0060951151,0.1731666178,0.820738256,Revised Promoter
,,0.2395021617,0.5281888247,0.0,
9.0,It's a quiet meal at home and,0.0169348512,0.7450503707,0.2380148172,Revised Detractor
,,0.2395021617,0.5281888247,0.0,
,,0.2395021617,0.5281888247,0.0,
7.0,Need more pramotion then computaters. And new technology and options and increase showrooms and services ,0.0232036225,0.564135015,0.4126613438,Detractor
,,0.2395021617,0.5281888247,0.0,
7.0,Am not that much familiar bwith this brand butvhave heard a lot about this brand,0.1476391256,0.7597303987,0.0926304683,Detractor
,,0.2395021617,0.5281888247,0.0,
6.0,Just heard about it so,0.121561639,0.8280107975,0.0504275449,Detractor
,,0.2395021617,0.5281888247,0.0,
,,0.2395021617,0.5281888247,0.0,
10.0,Very quality,0.0423094183,0.3890751302,0.5686154366,Promoter
,,0.2395021617,0.5281888247,0.0,
10.0,Coustomer service ,0.1642370224,0.7540344596,0.0817285255,Revised Detractor
10.0,It's very good ,0.002877322,0.0235184804,0.9736042023,Promoter
,,0.2395021617,0.5281888247,0.0,
4.0,Good product,0.0086584734,0.0993220285,0.8920195699,Revised Promoter
7.0,It has ni e quality,0.3667502105,0.5725026131,0.0607471243,Detractor
6.0,The brand is good but it has to upgrade according to the present needs,0.0168539733,0.2924345434,0.6907114983,Revised Promoter
10.0,"ITS GOOD BUT COMPARED TO SAMSUNG,I LIKE A BIT MORE SAMSUNG",0.0083903829,0.0924564153,0.8991532326,Promoter
,,0.2395021617,0.5281888247,0.0,
,,0.2395021617,0.5281888247,0.0,
10.0,Service are good and the product are very useful,0.0026120704,0.0174087957,0.9799791574,Promoter
7.0,Good quality,0.029416468,0.3259907961,0.644592762,Revised Promoter
,,0.2395021617,0.5281888247,0.0,
9.0,Good quality products ,0.0120395655,0.1604588479,0.827501595,Promoter
,,0.2395021617,0.5281888247,0.0,
,,0.2395021617,0.5281888247,0.0,
,,0.2395021617,0.5281888247,0.0,
10.0,One of the best products I have used,0.0019629213,0.020371126,0.9776660204,Promoter
10.0,It's a good brand I trust,0.0024089098,0.0584725216,0.9391185641,Promoter
,,0.2395021617,0.5281888247,0.0,
,,0.2395021617,0.5281888247,0.0,
,,0.2395021617,0.5281888247,0.0,
,,0.2395021617,0.5281888247,0.0,
9.0,I like that brand little bit exceptional ,0.0063306456,0.0917596295,0.901909709,Promoter
,,0.2395021617,0.5281888247,0.0,
,,0.2395021617,0.5281888247,0.0,
,,0.2395021617,0.5281888247,0.0,
8.0,Godrej is a brand we know... It Goods are trusted as well as worthful to buy... ,0.0061621517,0.2461253256,0.7477125525,Promoter
10.0,Durable brand ,0.0343077779,0.5749442577,0.3907479048,Revised Detractor
,,0.2395021617,0.5281888247,0.0,
8.0,Trusted secure brand ,0.0225582942,0.5766088963,0.4008327425,Detractor
6.0,It working good and contain the same brand,0.0031467981,0.0874112844,0.9094419479,Revised Promoter
10.0,Better ,0.09432365,0.54160285,0.3640735447,Revised Detractor
10.0,Its a reputed brand ,0.1308784783,0.7663016915,0.1028198898,Revised Detractor
7.0,It is very good customer support,0.0040741242,0.0301185939,0.9658072591,Revised Promoter
,,0.2395021617,0.5281888247,0.0,
9.0,I am satisfied ,0.0058311424,0.0688411668,0.9253276587,Promoter
8.0,Good products but still more should come with innvoation,0.0054444806,0.0845104307,0.9100450873,Promoter
,,0.2395021617,0.5281888247,0.0,
,,0.2395021617,0.5281888247,0.0,
,,0.2395021617,0.5281888247,0.0,
,,0.2395021617,0.5281888247,0.0,
,,0.2395021617,0.5281888247,0.0,
10.0,Godrej is a brand offers quality products. Their products are long lasting. ,0.0024009515,0.0601264201,0.9374725819,Promoter
7.0,Because godrej brand applications are somewhat good to use.,0.0055774199,0.10977,0.884652555,Revised Promoter
,,0.2395021617,0.5281888247,0.0,
9.0,Godrej brand value gives me satisfaction the product will be good in quality because we been seeing this product in our household and it's servicing is really good. ,0.0015396237,0.0209617317,0.9774986506,Promoter
9.0,Because it makes unique and good products,0.0051581129,0.0813759938,0.9134659171,Promoter
,,0.2395021617,0.5281888247,0.0,
5.0,It's reliable but not latest,0.4325818121,0.5257321,0.0416860804,Detractor
9.0,I own a refrigerator of Godrej . And I am very happy with that purchase it is a value for money product and a high quality product. ,0.0014495327,0.0219671503,0.9765832424,Promoter
8.0,Innovative ,0.0270060375,0.5155570507,0.4574368894,Detractor
10.0,10,,,,
,,0.2395021617,0.5281888247,0.0,
5.0,servicing facility not available ,0.7007693052,0.2811958492,0.0180349052,Detractor
,,0.2395021617,0.5281888247,0.0,
,,0.2395021617,0.5281888247,0.0,
,,0.2395021617,0.5281888247,0.0,
,,0.2395021617,0.5281888247,0.0,
7.0,Because right now the other brands offering more quelity and high tech products compair to godrej. I feel godrej is way back from other brands.,0.08503481,0.6750981808,0.2398670316,Detractor
6.0,It is a Indian company and very old company which I trust a lot,0.0051405146,0.1071407571,0.8877186775,Revised Promoter
10.0,One of the beat company,0.0334471203,0.8245822787,0.1419705898,Revised Detractor
10.0,it is been in india for long time as like 20 years and counting it know what indian customer want ,0.1084924713,0.7973294258,0.0941781476,Revised Detractor
,,0.2395021617,0.5281888247,0.0,
,,0.2395021617,0.5281888247,0.0,
9.0,It is very strong and old company if India has very good durable products ,0.0060252603,0.0926154405,0.9013592601,Promoter
7.0,BECAUSE IT IS TRUSTED AND OLD BRAND,0.0282270648,0.4964655042,0.475307405,Detractor
10.0,"Trusted  brand ,I like very much ",0.0030318249,0.0531423315,0.943825841,Promoter
,,0.2395021617,0.5281888247,0.0,
,,0.2395021617,0.5281888247,0.0,
,,0.2395021617,0.5281888247,0.0,
9.0,Godrej is a trusted brand. It is one of many brands I would consider Purchasing.,0.0014779855,0.0757433251,0.922778666,Promoter
8.0,Heard a lot about it.,0.1445629001,0.808742404,0.0466946252,Detractor
10.0,They are well  reputed company and their products have high quality also good designed ,0.0021613494,0.0310376342,0.9668010473,Promoter
,,0.2395021617,0.5281888247,0.0,
,,0.2395021617,0.5281888247,0.0,
,,0.2395021617,0.5281888247,0.0,
9.0,Godrej brand is good but not in trending.,0.2448582202,0.6006471515,0.1544945687,Revised Detractor
,,0.2395021617,0.5281888247,0.0,
9.0,It is a well known established brand with quality products and customer satisfaction ,0.0039324872,0.119750388,0.8763171434,Promoter
9.0,I like it,0.010962408,0.1102624685,0.8787751198,Promoter
7.0,"Godrej brand Refrigerator i have been using from last 6 years, no issues with it",0.0283544492,0.5160521269,0.455593437,Detractor
,,0.2395021617,0.5281888247,0.0,
,,0.2395021617,0.5281888247,0.0,
9.0,"Good quality products, prices reliable",0.006912231,0.1292578578,0.8638299108,Promoter
,,0.2395021617,0.5281888247,0.0,
9.0,It's good,0.0038138852,0.035578806,0.9606072903,Promoter
10.0,its very amazing product .and guarandeed.,0.0033885776,0.0301670246,0.9664444327,Promoter
,,0.2395021617,0.5281888247,0.0,
,,0.2395021617,0.5281888247,0.0,
9.0,It is innovative useful and helpful ,0.0029711889,0.0718984306,0.9251304269,Promoter
8.0,because my friends are using they said to me godrej compared to LG/SAMSUNG some performance is low in godrej,0.603653729,0.3790901005,0.0172561444,Detractor
5.0,Not applicable ,0.65071702,0.3197229207,0.0295600239,Detractor
,,0.2395021617,0.5281888247,0.0,
10.0,It's one of the reputed brand and gives really good service,0.0032689702,0.0325843245,0.9641467333,Promoter
7.0,Not much prominent in the appliance industry,0.3062742352,0.6353572607,0.0583684742,Detractor
,,0.2395021617,0.5281888247,0.0,
10.0,Very credible brand having goodwill for quality of products and durability of the same with reasonable price ,0.0036083371,0.0960090756,0.9003825784,Promoter
7.0,Godrej has been one of the best brands earlier but now it has lost some credibility.,0.4637556076,0.4418908358,0.094353497,Detractor
9.0,Easy to use,0.0149341682,0.1840548366,0.8010110259,Promoter
,,0.2395021617,0.5281888247,0.0,
,,0.2395021617,0.5281888247,0.0,
9.0,because it is one of best brand,0.0024912651,0.0441380739,0.9533706307,Promoter
,,0.2395021617,0.5281888247,0.0,
10.0,Reputed Brand!,0.0446989536,0.7572153211,0.19808577,Revised Detractor
,,0.2395021617,0.5281888247,0.0,
,,0.2395021617,0.5281888247,0.0,
8.0,I don't experience more of this brand .,0.8874647617,0.1038697362,0.0086655114,Detractor
7.0,Because it is an average product ,0.6597418785,0.3089973629,0.0312607475,Detractor
0.0,The quality of their products simply isn't upto the mark as compared to their peers ,0.8547467589,0.1339845061,0.0112687107,Detractor
,,0.2395021617,0.5281888247,0.0,
,,0.2395021617,0.5281888247,0.0,
,,0.2395021617,0.5281888247,0.0,
,,0.2395021617,0.5281888247,0.0,
8.0,It is good but not great,0.7178650498,0.2343649268,0.0477700271,Detractor
10.0,Godrej is one of the best manufacturer of technological products,0.002672279,0.0312108099,0.9661169648,Promoter
,,0.2395021617,0.5281888247,0.0,
,,0.2395021617,0.5281888247,0.0,
10.0,Comfortable for use,0.0093038036,0.3496627212,0.6410335302,Promoter
9.0,I have this brand.,0.0493372902,0.665260911,0.2854017913,Revised Detractor
10.0,Because godrej is a quality brand and it give good service,0.0056436853,0.0730881244,0.9212682247,Promoter
,,0.2395021617,0.5281888247,0.0,
,,0.2395021617,0.5281888247,0.0,
,,0.2395021617,0.5281888247,0.0,
,,0.2395021617,0.5281888247,0.0,
9.0,Godrej is valued Indian company,0.0378087573,0.7695586085,0.1926326454,Revised Detractor
9.0,Godrej is highly reputed brand in my country. They work in various fields and have very good track record. ,0.002665913,0.067809239,0.9295248985,Promoter
,,0.2395021617,0.5281888247,0.0,
,,0.2395021617,0.5281888247,0.0,
10.0,Because mostly Home apliances use of Godrej.,0.1720258445,0.7910783291,0.0368958712,Revised Detractor
8.0,I didnâ€™t experience well this brand ,0.9351856709,0.0584819727,0.0063323644,Detractor
,,0.2395021617,0.5281888247,0.0,
5.0,Godrej don't have many products.It has only limited no of products.,0.3852311969,0.5726364255,0.0421323366,Detractor
,,0.2395021617,0.5281888247,0.0,
,,0.2395021617,0.5281888247,0.0,
,,0.2395021617,0.5281888247,0.0,
,,0.2395021617,0.5281888247,0.0,
,,0.2395021617,0.5281888247,0.0,
,,0.2395021617,0.5281888247,0.0,
,,0.2395021617,0.5281888247,0.0,
,,0.2395021617,0.5281888247,0.0,
,,0.2395021617,0.5281888247,0.0,
,,0.2395021617,0.5281888247,0.0,
,,0.2395021617,0.5281888247,0.0,
,,0.2395021617,0.5281888247,0.0,
,,0.2395021617,0.5281888247,0.0,
,,0.2395021617,0.5281888247,0.0,
,,0.2395021617,0.5281888247,0.0,
,,0.2395021617,0.5281888247,0.0,
,,0.2395021617,0.5281888247,0.0,
,,0.2395021617,0.5281888247,0.0,
,,0.2395021617,0.5281888247,0.0,
,,0.2395021617,0.5281888247,0.0,
,,0.2395021617,0.5281888247,0.0,
,,0.2395021617,0.5281888247,0.0,
,,0.2395021617,0.5281888247,0.0,
,,0.2395021617,0.5281888247,0.0,
,,0.2395021617,0.5281888247,0.0,
,,0.2395021617,0.5281888247,0.0,
,,0.2395021617,0.5281888247,0.0,
,,0.2395021617,0.5281888247,0.0,
,,0.2395021617,0.5281888247,0.0,
,,0.2395021617,0.5281888247,0.0,
,,0.2395021617,0.5281888247,0.0,
,,0.2395021617,0.5281888247,0.0,
,,0.2395021617,0.5281888247,0.0,
,,0.2395021617,0.5281888247,0.0,
,,0.2395021617,0.5281888247,0.0,
,,0.2395021617,0.5281888247,0.0,
,,0.2395021617,0.5281888247,0.0,
,,0.2395021617,0.5281888247,0.0,
,,0.2395021617,0.5281888247,0.0,
,,0.2395021617,0.5281888247,0.0,
,,0.2395021617,0.5281888247,0.0,
,,0.2395021617,0.5281888247,0.0,
,,0.2395021617,0.5281888247,0.0,
,,0.2395021617,0.5281888247,0.0,
,,0.2395021617,0.5281888247,0.0,
,,0.2395021617,0.5281888247,0.0,
,,0.2395021617,0.5281888247,0.0,
,,0.2395021617,0.5281888247,0.0,
,,0.2395021617,0.5281888247,0.0,
,,0.2395021617,0.5281888247,0.0,
,,0.2395021617,0.5281888247,0.0,
,,0.2395021617,0.5281888247,0.0,
,,0.2395021617,0.5281888247,0.0,
,,0.2395021617,0.5281888247,0.0,
,,0.2395021617,0.5281888247,0.0,
,,0.2395021617,0.5281888247,0.0,
,,0.2395021617,0.5281888247,0.0,
,,0.2395021617,0.5281888247,0.0,
,,0.2395021617,0.5281888247,0.0,
,,0.2395021617,0.5281888247,0.0,
,,0.2395021617,0.5281888247,0.0,
