Interio-Score,Interio-Text,Interio-Text_Negative,Interio-Text_Neutral,Interio-Text_Positive,Interio_label
0.0,,0.2395021617,0.5281888247,0.0,Detractor
,,0.2395021617,0.5281888247,0.0,
,,0.2395021617,0.5281888247,0.0,
,,0.2395021617,0.5281888247,0.0,
8.0,,0.2395021617,0.5281888247,0.0,Detractor
,,0.2395021617,0.5281888247,0.0,
,,0.2395021617,0.5281888247,0.0,
,,0.2395021617,0.5281888247,0.0,
8.0,,0.2395021617,0.5281888247,0.0,Detractor
,,0.2395021617,0.5281888247,0.0,
,,0.2395021617,0.5281888247,0.0,
,,0.2395021617,0.5281888247,0.0,
,,0.2395021617,0.5281888247,0.0,
9.0,as,0.2486780584,0.5211014748,0.2302204221,Revised Detractor
,,0.2395021617,0.5281888247,0.0,
,,0.2395021617,0.5281888247,0.0,
,,0.2395021617,0.5281888247,0.0,
,,0.2395021617,0.5281888247,0.0,
,,0.2395021617,0.5281888247,0.0,
,,0.2395021617,0.5281888247,0.0,
10.0,"I like their product quality, always feel very strong and durable at a reasonable price
",0.002490968,0.0194268245,0.97808218,Promoter
5.0,Because it gives me good services,0.0122347707,0.1092585921,0.8785066605,Revised Promoter
,,0.2395021617,0.5281888247,0.0,
9.0,good product,0.0112398714,0.101536274,0.8872238398,Promoter
,,0.2395021617,0.5281888247,0.0,
,,0.2395021617,0.5281888247,0.0,
,,0.2395021617,0.5281888247,0.0,
,,0.2395021617,0.5281888247,0.0,
,,0.2395021617,0.5281888247,0.0,
,,0.2395021617,0.5281888247,0.0,
10.0,Because they provide very modern and good looking furniture,0.0035834291,0.0567703247,0.939646244,Promoter
10.0,Because it is a very good brand and trustworthy ,0.0029607124,0.0526548177,0.9443844557,Promoter
10.0,This is very trusted brand,0.005233625,0.1902023256,0.8045639992,Promoter
,,0.2395021617,0.5281888247,0.0,
10.0,Because I use Godrej ,0.0603015162,0.7795829773,0.1601155102,Revised Detractor
,,0.2395021617,0.5281888247,0.0,
8.0,Because itâ€™s so nice ,0.003207044,0.027593676,0.9691992998,Promoter
9.0,Godrej is having good range of furnitures but little overpriced,0.0280290935,0.2221666127,0.749804318,Promoter
,,0.2395021617,0.5281888247,0.0,
9.0,"Because it is long durable, rang also reason able. ",0.0109578595,0.2688960433,0.72014606,Promoter
,,0.2395021617,0.5281888247,0.0,
,,0.2395021617,0.5281888247,0.0,
7.0,"doesn't have good design, very old fashioned, quality not good",0.9320222139,0.0620470904,0.005930658,Detractor
,,0.2395021617,0.5281888247,0.0,
,,0.2395021617,0.5281888247,0.0,
,,0.2395021617,0.5281888247,0.0,
9.0,I personally don't used ,0.4685487747,0.4957243502,0.0357268825,Revised Detractor
,,0.2395021617,0.5281888247,0.0,
10.0,it is safe and secure,0.0128749358,0.2939305902,0.6931945086,Promoter
,,0.2395021617,0.5281888247,0.0,
,,0.2395021617,0.5281888247,0.0,
,,0.2395021617,0.5281888247,0.0,
,,0.2395021617,0.5281888247,0.0,
8.0,It is in the market for longer time and it is reliable and quite affordable ,0.0037289697,0.1400295645,0.8562414646,Promoter
10.0,Worth it,0.0228644311,0.5696789026,0.4074567556,Revised Detractor
5.0,Good,0.0607934222,0.3294278681,0.6097786427,Revised Promoter
,,0.2395021617,0.5281888247,0.0,
,,0.2395021617,0.5281888247,0.0,
9.0,Godrej is old and reputated brand,0.5802286267,0.4004918039,0.0192794818,Revised Detractor
9.0,They have high qualitu products and all system is transparwnt and global level,0.018110808,0.4988440275,0.4830451608,Revised Detractor
,,0.2395021617,0.5281888247,0.0,
4.0,It is good,0.0035234834,0.0291051455,0.9673713446,Revised Promoter
8.0,Top brand ,0.0282591153,0.3517923653,0.619948566,Promoter
,,0.2395021617,0.5281888247,0.0,
,,0.2395021617,0.5281888247,0.0,
,,0.2395021617,0.5281888247,0.0,
,,0.2395021617,0.5281888247,0.0,
,,0.2395021617,0.5281888247,0.0,
,,0.2395021617,0.5281888247,0.0,
,,0.2395021617,0.5281888247,0.0,
8.0,Good ,0.0273889434,0.2357887775,0.7368222475,Promoter
10.0,I like the quality of their products ,0.0048174975,0.0546094552,0.9405730367,Promoter
,,0.2395021617,0.5281888247,0.0,
,,0.2395021617,0.5281888247,0.0,
10.0,The brand name is good enough,0.0115782386,0.1497333348,0.8386884332,Promoter
,,0.2395021617,0.5281888247,0.0,
,,0.2395021617,0.5281888247,0.0,
8.0,Godrej is well known brand in India and furniture is also good quality ,0.0036451174,0.1145438105,0.8818110824,Promoter
,,0.2395021617,0.5281888247,0.0,
,,0.2395021617,0.5281888247,0.0,
7.0,7,,,,
,,0.2395021617,0.5281888247,0.0,
,,0.2395021617,0.5281888247,0.0,
8.0,Godrej deserve this score because it's provoid best products and services ,0.0069908318,0.0963703766,0.896638751,Promoter
,,0.2395021617,0.5281888247,0.0,
,,0.2395021617,0.5281888247,0.0,
,,0.2395021617,0.5281888247,0.0,
10.0,9,,,,
9.0,Because I have used it's products and according to me these offer best services ,0.0039989781,0.0779191256,0.9180818796,Promoter
,,0.2395021617,0.5281888247,0.0,
9.0,It is a perfect brand.. It's products are of amazing quality.,0.0016845511,0.0127808489,0.9855345488,Promoter
,,0.2395021617,0.5281888247,0.0,
,,0.2395021617,0.5281888247,0.0,
,,0.2395021617,0.5281888247,0.0,
,,0.2395021617,0.5281888247,0.0,
,,0.2395021617,0.5281888247,0.0,
8.0,I like that brand because it gives very good quality products,0.0020822424,0.0162186772,0.9816991091,Promoter
5.0,Godrej is not have good features and stores,0.5855149031,0.3770006597,0.0374843851,Detractor
10.0,Really very good brand ,0.0041988026,0.0532996431,0.942501545,Promoter
10.0,Its quality is very good,0.0032032854,0.0363567099,0.9604400396,Promoter
10.0,Quality assurance ,0.1172343567,0.6914687157,0.1912969053,Revised Detractor
9.0,it has different types of products and has very good models,0.0034591171,0.0737144873,0.9228263497,Promoter
10.0,I like the products because it's safe and secure ,0.0041208602,0.0613440089,0.9345351458,Promoter
10.0,"Because i know very well about Godrej.
",0.0470147245,0.6989584565,0.2540268302,Revised Detractor
10.0,Their products was very good and long lasting and modern,0.001399146,0.0154952761,0.9831055999,Promoter
,,0.2395021617,0.5281888247,0.0,
,,0.2395021617,0.5281888247,0.0,
,,0.2395021617,0.5281888247,0.0,
,,0.2395021617,0.5281888247,0.0,
9.0,It is little bit expensive ,0.5149390697,0.445712924,0.0393479988,Revised Detractor
10.0,Excellent feedback from neighbours,0.0101938508,0.2637563348,0.7260497808,Promoter
9.0,I love the performance,0.002875607,0.0090116886,0.9881126285,Promoter
,,0.2395021617,0.5281888247,0.0,
10.0,Godrej has its own style in making furnitures,0.0600341894,0.8574871421,0.0824787542,Revised Detractor
,,0.2395021617,0.5281888247,0.0,
6.0,"Because i love their products and their quality
",0.0052939556,0.0258637946,0.9688422084,Revised Promoter
10.0,Good product ,0.0087558441,0.1015335321,0.8897106051,Promoter
,,0.2395021617,0.5281888247,0.0,
9.0,Most trustworthy company,0.0067796037,0.1457513124,0.8474690318,Promoter
,,0.2395021617,0.5281888247,0.0,
10.0,Good quality ,0.0217298735,0.2667070031,0.71156317,Promoter
,,0.2395021617,0.5281888247,0.0,
,,0.2395021617,0.5281888247,0.0,
,,0.2395021617,0.5281888247,0.0,
,,0.2395021617,0.5281888247,0.0,
,,0.2395021617,0.5281888247,0.0,
,,0.2395021617,0.5281888247,0.0,
10.0,Because its the best and very old company in india its very trustable company I can use the appliances of this company,0.0019509111,0.0220179968,0.9760311246,Promoter
10.0,Because of Trustworthy and beautiful furniture.,0.0036482434,0.1000963748,0.896255374,Promoter
3.0,Servicing is very poor ,0.8783886433,0.1116824672,0.0099288635,Detractor
,,0.2395021617,0.5281888247,0.0,
,,0.2395021617,0.5281888247,0.0,
8.0,Good,0.0607934222,0.3294278681,0.6097786427,Promoter
10.0,Excellent product ,0.0133621441,0.12749964,0.8591381907,Promoter
9.0,Good quality products ,0.0120395655,0.1604588479,0.827501595,Promoter
10.0,It so good,0.002857347,0.016962247,0.9801803827,Promoter
9.0,Affordable and liable ,0.1049861535,0.6752908826,0.2197229862,Revised Detractor
,,0.2395021617,0.5281888247,0.0,
,,0.2395021617,0.5281888247,0.0,
,,0.2395021617,0.5281888247,0.0,
10.0,5,,,,
,,0.2395021617,0.5281888247,0.0,
10.0,Because nice experience ,0.0091988267,0.0922531113,0.898548007,Promoter
,,0.2395021617,0.5281888247,0.0,
8.0,Quality of furniture is not good,0.9587649107,0.038064234,0.0031708747,Detractor
10.0,Godrej is good brand really good furniture ,0.004725046,0.0643792525,0.9308956861,Promoter
,,0.2395021617,0.5281888247,0.0,
,,0.2395021617,0.5281888247,0.0,
9.0,Its a famous brand. We are using their products from generations,0.0115592852,0.2247605473,0.76368016,Promoter
,,0.2395021617,0.5281888247,0.0,
,,0.2395021617,0.5281888247,0.0,
10.0,Very good product ,0.0049894936,0.0431927964,0.9518176913,Promoter
10.0,Because I trust the brand a lot. ,0.0090856096,0.2182407975,0.7726736069,Promoter
,,0.2395021617,0.5281888247,0.0,
,,0.2395021617,0.5281888247,0.0,
,,0.2395021617,0.5281888247,0.0,
10.0,I like his products good quality,0.0033313162,0.041779425,0.9548892975,Promoter
,,0.2395021617,0.5281888247,0.0,
9.0,Quality of the product is very good and long lasting,0.0023124265,0.0273772161,0.97031039,Promoter
6.0,Quality is good,0.0103200823,0.1266206801,0.8630592823,Revised Promoter
9.0,Provides furnitures with good modern design and comfort.,0.0044929883,0.1561222225,0.8393848538,Promoter
,,0.2395021617,0.5281888247,0.0,
,,0.2395021617,0.5281888247,0.0,
6.0,I dont like that brand,0.9370049238,0.0578120947,0.0051829987,Detractor
10.0,"Godrej has sturdy quality furniture, its new wardrobes and safes have digital locks and service is good. Trustworthy brand.",0.0021388156,0.041098617,0.9567625523,Promoter
9.0,Its has better products,0.05188201,0.4200366139,0.5280814171,Promoter
,,0.2395021617,0.5281888247,0.0,
,,0.2395021617,0.5281888247,0.0,
,,0.2395021617,0.5281888247,0.0,
,,0.2395021617,0.5281888247,0.0,
10.0,"Product is very good,long lasting ",0.002241231,0.0287112314,0.9690474868,Promoter
,,0.2395021617,0.5281888247,0.0,
,,0.2395021617,0.5281888247,0.0,
,,0.2395021617,0.5281888247,0.0,
9.0,I like their services,0.0044725141,0.056420546,0.9391068816,Promoter
8.0,It's services are too trustworthy ,0.0576028451,0.357806474,0.5845906734,Promoter
10.0,Because of build quality ,0.1273194402,0.713946104,0.1587345153,Revised Detractor
,,0.2395021617,0.5281888247,0.0,
9.0,Because of wide variety of furniture and good quality ,0.0045857057,0.1376856565,0.8577286005,Promoter
10.0,Godrej is the brand for standard locks and smart home system ,0.0230311006,0.732362926,0.2446059436,Revised Detractor
,,0.2395021617,0.5281888247,0.0,
10.0,It's a famous brand and good quality and very sustainable products,0.0016028907,0.0283756331,0.9700214863,Promoter
9.0,Godrej is a one of most and reliable products in market. ,0.0031579712,0.0785813183,0.9182606936,Promoter
,,0.2395021617,0.5281888247,0.0,
,,0.2395021617,0.5281888247,0.0,
10.0,It has long lasting products and it has good customer service ,0.0037402844,0.0550999977,0.9411596656,Promoter
8.0,Itbis very good and quality is excellent ,0.0029312489,0.0264968295,0.9705718756,Promoter
,,0.2395021617,0.5281888247,0.0,
,,0.2395021617,0.5281888247,0.0,
10.0,Sturdy and durable. The brand is reliable. ,0.0052298652,0.1825039983,0.812266171,Promoter
9.0,I know about it little,0.1710389107,0.7591620088,0.0697991475,Revised Detractor
8.0,It's gobal and has a reputation of quallity products,0.0627986491,0.863907218,0.0732941926,Detractor
,,0.2395021617,0.5281888247,0.0,
,,0.2395021617,0.5281888247,0.0,
,,0.2395021617,0.5281888247,0.0,
5.0,i didnt got that nice reviews in family circle....,0.7871548533,0.196359843,0.016485244,Detractor
,,0.2395021617,0.5281888247,0.0,
8.0,Very good quality ,0.0100272913,0.1025027558,0.8874699473,Promoter
10.0,trusted brand for long time,0.0235988088,0.5292647481,0.4471364915,Revised Detractor
,,0.2395021617,0.5281888247,0.0,
,,0.2395021617,0.5281888247,0.0,
6.0,"Easy to use,long lasting , easily available, comfortable ",0.0033119668,0.0798682421,0.9168198109,Revised Promoter
10.0,Bcz its really good product ,0.0030253679,0.0400263257,0.9569483399,Promoter
10.0,Godrej brand is very very great brand.manny people review in best brand ,0.0026589362,0.0392979197,0.9580432177,Promoter
,,0.2395021617,0.5281888247,0.0,
,,0.2395021617,0.5281888247,0.0,
,,0.2395021617,0.5281888247,0.0,
9.0,Good quality,0.029416468,0.3259907961,0.644592762,Promoter
9.0,Because I used Godrej Brand Many years so i definitely trust the brand and the products quality and durability.,0.0023785294,0.0747266412,0.9228947759,Promoter
9.0,Very trustable brand ,0.0058857123,0.1199796498,0.8741346598,Promoter
3.0,It's a good brand,0.0047140685,0.0872080326,0.9080779552,Revised Promoter
,,0.2395021617,0.5281888247,0.0,
10.0,Godrej is old branded company godrej product very strong and best ,0.0030251346,0.0546471998,0.9423276186,Promoter
,,0.2395021617,0.5281888247,0.0,
7.0,Other brands have more better products and options ,0.0393624119,0.3587116301,0.6019259691,Revised Promoter
6.0,Because of experience I had with it.,0.111063838,0.8292612433,0.0596749447,Detractor
,,0.2395021617,0.5281888247,0.0,
10.0,Because it is a big brand with exclusive items with affordable price and customer taste.,0.0042848238,0.1574974656,0.8382177353,Promoter
,,0.2395021617,0.5281888247,0.0,
,,0.2395021617,0.5281888247,0.0,
5.0,EXCELLENT,0.0722563267,0.532256186,0.3954874873,Detractor
,,0.2395021617,0.5281888247,0.0,
10.0,Quality,0.2494480759,0.5718330145,0.1787188649,Revised Detractor
,,0.2395021617,0.5281888247,0.0,
9.0,Godrej is the trusted brand,0.0128938342,0.4882644415,0.4988417029,Revised Detractor
,,0.2395021617,0.5281888247,0.0,
,,0.2395021617,0.5281888247,0.0,
5.0,Need improve their shopping sites and shops,0.1025586277,0.7241793275,0.1732619852,Detractor
10.0,best and reliable products,0.0197034366,0.312355727,0.6679407954,Promoter
,,0.2395021617,0.5281888247,0.0,
,,0.2395021617,0.5281888247,0.0,
10.0,100,,,,
,,0.2395021617,0.5281888247,0.0,
10.0,Others ,0.1724674851,0.6380764246,0.1894561201,Revised Detractor
9.0,It is very reliable,0.005686292,0.1306697428,0.8636440039,Promoter
,,0.2395021617,0.5281888247,0.0,
10.0,Good product ,0.0087558441,0.1015335321,0.8897106051,Promoter
6.0,8,,,,
,,0.2395021617,0.5281888247,0.0,
,,0.2395021617,0.5281888247,0.0,
,,0.2395021617,0.5281888247,0.0,
9.0,"At present, there are many more companies that are being more innovative than Godrej",0.0094861733,0.1782289147,0.8122849464,Promoter
,,0.2395021617,0.5281888247,0.0,
8.0,I likely to purchase from Godrej. ,0.0169392657,0.8731220365,0.109938696,Detractor
,,0.2395021617,0.5281888247,0.0,
10.0,Good design furniture brand good product,0.0077793547,0.1297993064,0.8624212742,Promoter
,,0.2395021617,0.5281888247,0.0,
9.0,This is a very good brand ,0.0026397184,0.0279447902,0.9694154859,Promoter
,,0.2395021617,0.5281888247,0.0,
,,0.2395021617,0.5281888247,0.0,
10.0,Because I love this companu,0.004323923,0.0283152666,0.9673608541,Promoter
,,0.2395021617,0.5281888247,0.0,
,,0.2395021617,0.5281888247,0.0,
,,0.2395021617,0.5281888247,0.0,
,,0.2395021617,0.5281888247,0.0,
9.0,It's best in furniture.,0.0176225267,0.2684040368,0.713973403,Promoter
9.0,I like that products,0.0080810497,0.0954204872,0.8964985013,Promoter
10.0,Good product quality ,0.0134355072,0.1700424552,0.8165220618,Promoter
6.0,Because now a days we have so many sffordable brands in the market who also offers customizeable designs as per customer's need. ,0.0132812252,0.3663446009,0.6203742027,Revised Promoter
8.0,I like godrej that's why iam giving that,0.0064803669,0.1788322479,0.8146873713,Promoter
,,0.2395021617,0.5281888247,0.0,
10.0,Godrej has good trusted brand item in every product,0.0037951849,0.1595427394,0.8366620541,Promoter
6.0,because godrej is an old company,0.3182797432,0.634652257,0.0470680669,Detractor
,,0.2395021617,0.5281888247,0.0,
10.0,Good product ,0.0087558441,0.1015335321,0.8897106051,Promoter
7.0,Based on experience with cup boards,0.0541534051,0.8830468059,0.0627997592,Detractor
9.0,furniture is Pretty good,0.0021750391,0.0285680611,0.9692568779,Promoter
9.0,Qualiry products and good after sales service ,0.0137462197,0.2864647508,0.6997890472,Promoter
,,0.2395021617,0.5281888247,0.0,
10.0,"Godrej Consumer Products has a strong market position in the market with the products like soaps, hair color, hand sanitizers as well. There are 100 customer trusted products in the market.",0.0031340122,0.1558973342,0.8409686089,Promoter
,,0.2395021617,0.5281888247,0.0,
10.0,Because goodrej is a very good brand of furniture. It manufactures very good and durable quality of furniture.,0.0017895424,0.0294699501,0.9687405229,Promoter
10.0,Godrej is best company it's field,0.0073892227,0.1316543072,0.86095649,Promoter
9.0,"Godrej Interio is Indiaâ€™s largest furniture brand. Wide Range of Genuine Products, Easy Returns, ",0.00196437,0.1202507392,0.8777849674,Promoter
7.0,Godrej is the best brand of furniture.,0.0025947883,0.0383779518,0.9590272903,Revised Promoter
,,0.2395021617,0.5281888247,0.0,
9.0,Because of it's quality and lifeline ,0.0196256842,0.4967948198,0.4835794568,Revised Detractor
,,0.2395021617,0.5281888247,0.0,
7.0,Godrej furniture looks good and are durable too.,0.0022611411,0.033117339,0.9646214843,Revised Promoter
0.0,I gave this score because I have lost trust in this brand ,0.9011330605,0.0921868905,0.0066800034,Detractor
10.0,Because they deliver quality products and  services ,0.0156175233,0.2344243228,0.7499581575,Promoter
,,0.2395021617,0.5281888247,0.0,
,,0.2395021617,0.5281888247,0.0,
8.0,It's very good kitchen product ,0.0025621885,0.0298072007,0.9676305652,Promoter
9.0,Godrej in indeed been a trustworthy brand for a long back and has a good impact on every home. It is an incredible brand as well.,0.0013796528,0.021102393,0.9775179029,Promoter
10.0,Godrej gives best quality products and it's very good features and quality ,0.0027482163,0.0343986675,0.9628530741,Promoter
,,0.2395021617,0.5281888247,0.0,
10.0,10,,,,
10.0,It is a brand that does not disappoint me everytime I buy the products.,0.0074423505,0.0572081096,0.9353494644,Promoter
10.0,Godrej produces the best durable products and is one of the brands i trust on the basis of durability,0.0021983632,0.0359757543,0.9618259072,Promoter
9.0,Because I like very much this product ,0.0028294567,0.0325474851,0.964623034,Promoter
5.0,60,,,,
8.0,Good ,0.0273889434,0.2357887775,0.7368222475,Promoter
7.0,Good,0.0607934222,0.3294278681,0.6097786427,Revised Promoter
,,0.2395021617,0.5281888247,0.0,
9.0,Godrej is trustworthy company but I want modern technology and look in this brand like other brand according to my choice.,0.0229951385,0.4983222485,0.478682667,Revised Detractor
8.0,It was a pretty good brand and so many years in field. ,0.0068293056,0.0753900409,0.9177806973,Promoter
,,0.2395021617,0.5281888247,0.0,
10.0,"Godrej Interio is India's largest furniture brand in both home and institutional segments. We started our journey from manufacturing the humble Storwel cupboard 80 years back to an altogether new avatar with vibrant, innovative and diverse product portfolio â€“ it's been a brilliant and exciting journey for us.",0.0008795441,0.0204888824,0.9786316156,Promoter
9.0,10,,,,
10.0,I like very much and very compatible. ,0.0023407219,0.030555727,0.9671035409,Promoter
10.0,It is trustworthy brand from long long years ago,0.0134596778,0.3890384436,0.5975019336,Promoter
,,0.2395021617,0.5281888247,0.0,
10.0,It's good ,0.0037958089,0.0409125276,0.9552916288,Promoter
9.0,i like this brand,0.0045513324,0.0752295554,0.9202191234,Promoter
10.0,It's a trusted brand and I used it from many years,0.0057299621,0.2225373983,0.7717326283,Promoter
,,0.2395021617,0.5281888247,0.0,
,,0.2395021617,0.5281888247,0.0,
7.0,Good service,0.0145787215,0.1319046915,0.8535165191,Revised Promoter
10.0,Because it is the best brand forever.,0.0017554025,0.0301859919,0.9680585861,Promoter
,,0.2395021617,0.5281888247,0.0,
,,0.2395021617,0.5281888247,0.0,
,,0.2395021617,0.5281888247,0.0,
8.0,It's very good quality service,0.0040290905,0.0335785821,0.9623923302,Promoter
,,0.2395021617,0.5281888247,0.0,
,,0.2395021617,0.5281888247,0.0,
,,0.2395021617,0.5281888247,0.0,
,,0.2395021617,0.5281888247,0.0,
,,0.2395021617,0.5281888247,0.0,
,,0.2395021617,0.5281888247,0.0,
,,0.2395021617,0.5281888247,0.0,
8.0,Because I like the products of godrej very much it is very nice in long run with higher longevity. It is very good with better platform.,0.0011981806,0.0146587659,0.9841430187,Promoter
,,0.2395021617,0.5281888247,0.0,
10.0,"Their products and services are affordable, reliable ",0.0030666478,0.0724354163,0.924497962,Promoter
10.0,Love the product quality. Long lasting & efficient. Best customer service.,0.003795028,0.021564832,0.9746401906,Promoter
,,0.2395021617,0.5281888247,0.0,
10.0,Godrej interiors are very new to home,0.1543854922,0.7121291757,0.133485347,Revised Detractor
,,0.2395021617,0.5281888247,0.0,
9.0,I have not been satisfied from the furnituresnby godrej. They are doing well in electronics and accessories but i don't think that hey have understood the furnitures market,0.6905606389,0.2799830735,0.0294562895,Revised Detractor
10.0,It is very useful and helpful,0.002048492,0.0271581542,0.9707933664,Promoter
9.0,9,,,,
,,0.2395021617,0.5281888247,0.0,
10.0,It's a good and reputable company like this ,0.0025804099,0.0681162253,0.9293034077,Promoter
9.0,The Godrej coustmer care is taken long time given response,0.0911321193,0.8325076103,0.076360248,Revised Detractor
8.0,I have no experience personally but l heard a lot of promotions about this brand.,0.196758315,0.7359968424,0.0672448948,Detractor
,,0.2395021617,0.5281888247,0.0,
10.0,it is the brand i trusted most.,0.0069394368,0.2053442597,0.7877162695,Promoter
9.0,Not any special.its a good brand,0.0127324555,0.1844725162,0.8027950525,Promoter
,,0.2395021617,0.5281888247,0.0,
,,0.2395021617,0.5281888247,0.0,
10.0,Their products are very good. I have been using it for long!,0.0015945798,0.0079805776,0.9904248118,Promoter
,,0.2395021617,0.5281888247,0.0,
,,0.2395021617,0.5281888247,0.0,
,,0.2395021617,0.5281888247,0.0,
,,0.2395021617,0.5281888247,0.0,
,,0.2395021617,0.5281888247,0.0,
,,0.2395021617,0.5281888247,0.0,
8.0,I like their brand quality ,0.0050144028,0.0872563422,0.9077292085,Promoter
,,0.2395021617,0.5281888247,0.0,
,,0.2395021617,0.5281888247,0.0,
,,0.2395021617,0.5281888247,0.0,
10.0,"Godrej furniture is made of the best quality materials,it is good to look and durable also",0.002040067,0.0335577168,0.9644022584,Promoter
9.0,Very good,0.005273812,0.0428517126,0.9518744946,Promoter
,,0.2395021617,0.5281888247,0.0,
,,0.2395021617,0.5281888247,0.0,
10.0,THE PRODUCTS ARE OF HIGH QUALITY,0.0098148854,0.2215824276,0.7686026692,Promoter
,,0.2395021617,0.5281888247,0.0,
10.0,long lasting and good design ,0.0076269181,0.1958335638,0.7965395451,Promoter
10.0,It's items are very good and have reliable quality. ,0.0016465626,0.0235013552,0.9748520851,Promoter
,,0.2395021617,0.5281888247,0.0,
,,0.2395021617,0.5281888247,0.0,
,,0.2395021617,0.5281888247,0.0,
,,0.2395021617,0.5281888247,0.0,
,,0.2395021617,0.5281888247,0.0,
,,0.2395021617,0.5281888247,0.0,
9.0,It's good brand ,0.007890611,0.1383232772,0.8537861109,Promoter
,,0.2395021617,0.5281888247,0.0,
10.0,Because i am really impressed by godrej applicances that i am using ,0.0023640227,0.0356542803,0.9619816542,Promoter
,,0.2395021617,0.5281888247,0.0,
,,0.2395021617,0.5281888247,0.0,
,,0.2395021617,0.5281888247,0.0,
,,0.2395021617,0.5281888247,0.0,
,,0.2395021617,0.5281888247,0.0,
,,0.2395021617,0.5281888247,0.0,
6.0,I have used it its good but lacks variety ,0.285199821,0.4334130287,0.2813871205,Detractor
10.0,it is one of the good brand for use,0.0020542173,0.0326357223,0.9653100371,Promoter
10.0,"Well, the brand is indeed trustworthy and used for a long time back. It is indeed credible among people.",0.0029922463,0.1084384099,0.8885692954,Promoter
10.0,Godrej is a Global and most Trustworthy Brand Since long.,0.0031894825,0.117809847,0.8790007234,Promoter
,,0.2395021617,0.5281888247,0.0,
,,0.2395021617,0.5281888247,0.0,
,,0.2395021617,0.5281888247,0.0,
7.0,Godrej Interio products range is classy and stylish.,0.0014267674,0.044268731,0.9543045759,Revised Promoter
9.0,This brand is long lasting possessing a reputed heritage,0.0028547824,0.1637211293,0.8334241509,Promoter
,,0.2395021617,0.5281888247,0.0,
9.0,Because godrej is a good company that provides a good product ,0.0031955284,0.0423681363,0.9544363618,Promoter
9.0,Its a well known brand ,0.0399794206,0.6218054295,0.3382151127,Revised Detractor
9.0,Godrej has been always good,0.0047221659,0.0662352145,0.9290425777,Promoter
,,0.2395021617,0.5281888247,0.0,
,,0.2395021617,0.5281888247,0.0,
10.0,Previously said that Godrej get rosted brand that is an oldest brand,0.0788512602,0.8743407726,0.0468080193,Revised Detractor
,,0.2395021617,0.5281888247,0.0,
,,0.2395021617,0.5281888247,0.0,
10.0,It is best brand for furniture ,0.0065719271,0.1372727752,0.8561553359,Promoter
10.0,Godrej furniture is the best ,0.0048609814,0.042095758,0.953043282,Promoter
10.0,Best products makes. And stong products that's can survive more years,0.004969025,0.091033496,0.9039974213,Promoter
,,0.2395021617,0.5281888247,0.0,
,,0.2395021617,0.5281888247,0.0,
10.0,It is very good brand and I love it is very good brand and I ,0.001705931,0.0127092879,0.9855847955,Promoter
9.0,It is trustworthy,0.0215522535,0.488000989,0.4904466867,Revised Detractor
,,0.2395021617,0.5281888247,0.0,
,,0.2395021617,0.5281888247,0.0,
10.0,I have used this brand ,0.0465202704,0.7324855924,0.2209941298,Revised Detractor
,,0.2395021617,0.5281888247,0.0,
10.0,Trusted furniture ,0.2619041502,0.6651380062,0.0729578212,Revised Detractor
9.0,Godrej is a trusted brand which I have been using for the past few years ,0.0027269691,0.1746425927,0.822630465,Promoter
,,0.2395021617,0.5281888247,0.0,
,,0.2395021617,0.5281888247,0.0,
7.0,Depends on the other things ,0.1597961932,0.7108487487,0.1293551326,Detractor
10.0,Best products and quality of products is very good and durable ,0.0033150802,0.0491715372,0.9475134015,Promoter
10.0,Because it's  one of the top brand of furniture. Here mainly connected to whole area.,0.0051455605,0.2292761654,0.76557827,Promoter
,,0.2395021617,0.5281888247,0.0,
8.0,Godrej is a well known trusted brand for long years.Quality is trusted.,0.0055013103,0.2333699167,0.7611287832,Promoter
,,0.2395021617,0.5281888247,0.0,
,,0.2395021617,0.5281888247,0.0,
,,0.2395021617,0.5281888247,0.0,
,,0.2395021617,0.5281888247,0.0,
6.0,Godrej products are good but costlier than other available options,0.0502414927,0.2305716127,0.7191869617,Revised Promoter
9.0,Quality ,0.2012334764,0.6139219999,0.1848444939,Revised Detractor
9.0,Good and stylish finishing this furniture.,0.0029215808,0.0493046194,0.9477737546,Promoter
,,0.2395021617,0.5281888247,0.0,
,,0.2395021617,0.5281888247,0.0,
8.0,Best products quality ,0.0121537577,0.1871659905,0.8006802797,Promoter
,,0.2395021617,0.5281888247,0.0,
9.0,It such a wonderful product ,0.0033903585,0.0252972674,0.9713123441,Promoter
,,0.2395021617,0.5281888247,0.0,
9.0,Because it is a trusted brand in this category of goods for a long time,0.0049815564,0.2922060788,0.7028123736,Promoter
2.0,Company wise ,0.1037256196,0.6739432216,0.2223312259,Detractor
,,0.2395021617,0.5281888247,0.0,
,,0.2395021617,0.5281888247,0.0,
9.0,Godrej is very superb brand and it has lots of satisfied customers,0.0017688076,0.0204478018,0.9777833819,Promoter
10.0,Godrej equipments are well polished and light weight. ,0.0071148146,0.1769481003,0.8159370422,Promoter
,,0.2395021617,0.5281888247,0.0,
,,0.2395021617,0.5281888247,0.0,
10.0,Godrej product is long lasting and Easy to use.,0.0027762635,0.0678796023,0.9293441772,Promoter
9.0,Good quality and good product,0.0069522792,0.0903254449,0.9027222395,Promoter
,,0.2395021617,0.5281888247,0.0,
,,0.2395021617,0.5281888247,0.0,
7.0,Used from early time,0.1500685811,0.785587728,0.0643436462,Detractor
8.0,Godrej is a good product and quality ,0.0044492888,0.0610660128,0.9344846606,Promoter
,,0.2395021617,0.5281888247,0.0,
,,0.2395021617,0.5281888247,0.0,
6.0,It is a balanced company,0.0120772999,0.4801508188,0.5077719092,Revised Promoter
10.0,Best with homeLane's design.,0.0083839921,0.3433730304,0.6482429504,Promoter
,,0.2395021617,0.5281888247,0.0,
,,0.2395021617,0.5281888247,0.0,
8.0,As per it's catlog and advertisement ,0.2775942087,0.6782801151,0.0441256464,Detractor
,,0.2395021617,0.5281888247,0.0,
10.0,"As i informed earlier, it is innovative brand always",0.0078256121,0.3845559061,0.6076184511,Promoter
,,0.2395021617,0.5281888247,0.0,
,,0.2395021617,0.5281888247,0.0,
10.0,BECAUSE GODREJ IS VERY GOOD COMPANY,0.0041153277,0.0359492861,0.9599353075,Promoter
9.0,Godrej is trusted brand our family use this company product from generation ,0.0072967377,0.3455668092,0.6471365094,Promoter
10.0,"Poor quality, good maintenance",0.639768064,0.3018695712,0.058362335,Revised Detractor
5.0,"Godrej is traditional brand and pride brand.
Lasts long and front in business",0.0353928916,0.7473168373,0.2172902822,Detractor
7.0,Because they have long lasting furnitures,0.0208882578,0.581784904,0.3973268867,Detractor
9.0,It's very important and good ,0.0039517395,0.056590952,0.9394572973,Promoter
8.0,"As it had irs old is gold value
The brand is very familiar since i was a child as its trusted till today also ",0.0214376468,0.5025007129,0.4760616422,Detractor
10.0,Because i love this brand ,0.0028074901,0.0182496477,0.9789428115,Promoter
8.0,"Trusted brand, but I don't use furniture of this brand. ",0.623616457,0.3531754613,0.0232079942,Detractor
9.0,"durable,good product life",0.0099321334,0.1531972289,0.8368706107,Promoter
,,0.2395021617,0.5281888247,0.0,
10.0,Godrej has a great deal to choose best and gives a good tredy and satisfies customers,0.003855611,0.0545739196,0.9415705204,Promoter
9.0,Godrej is well known and trustable brand in furniture and other applications.,0.0026029807,0.1414528787,0.8559441566,Promoter
,,0.2395021617,0.5281888247,0.0,
10.0,It's very nice and attractive,0.0017396982,0.010296654,0.9879636765,Promoter
10.0,Quality assurance from the brand,0.0337926447,0.784234941,0.1819723696,Revised Detractor
9.0,Service ,0.1684974879,0.6085984111,0.2229041308,Revised Detractor
9.0,reliability of brand,0.1472967416,0.7328765988,0.1198266372,Revised Detractor
6.0,I have used this brand earlier ,0.0348533206,0.8127166033,0.152430132,Detractor
,,0.2395021617,0.5281888247,0.0,
,,0.2395021617,0.5281888247,0.0,
,,0.2395021617,0.5281888247,0.0,
,,0.2395021617,0.5281888247,0.0,
,,0.2395021617,0.5281888247,0.0,
9.0,A Trustable brand. I am using this brand for the last 15years. No problem with my furniture,0.0080920579,0.1708904952,0.8210174441,Promoter
8.0,Godrej product and I want to eat you out and ready to go to work and get some rest and feel,0.2772246301,0.6051742435,0.1176012233,Detractor
,,0.2395021617,0.5281888247,0.0,
10.0,Because  brand and quality  is so good ,0.0051641106,0.051468756,0.9433671236,Promoter
,,0.2395021617,0.5281888247,0.0,
,,0.2395021617,0.5281888247,0.0,
,,0.2395021617,0.5281888247,0.0,
,,0.2395021617,0.5281888247,0.0,
,,0.2395021617,0.5281888247,0.0,
,,0.2395021617,0.5281888247,0.0,
9.0,I think as compared to Amazon Furniture it is slightly better,0.0147960084,0.1824538857,0.802750051,Promoter
10.0,"Good quality, durability and price ",0.0138553511,0.2163331658,0.769811511,Promoter
9.0,8,,,,
,,0.2395021617,0.5281888247,0.0,
,,0.2395021617,0.5281888247,0.0,
,,0.2395021617,0.5281888247,0.0,
,,0.2395021617,0.5281888247,0.0,
10.0,I like it,0.010962408,0.1102624685,0.8787751198,Promoter
,,0.2395021617,0.5281888247,0.0,
,,0.2395021617,0.5281888247,0.0,
10.0,"Time trsted, great hardware fittings, renowened brand , value for money for a few things ",0.0119804237,0.1947696358,0.7932499647,Promoter
,,0.2395021617,0.5281888247,0.0,
,,0.2395021617,0.5281888247,0.0,
9.0,There products quality are best and good customer service after sales,0.0061239875,0.0735398084,0.9203362465,Promoter
7.0,It's one of populer and trusted brand of the nation ,0.0109968809,0.3848096728,0.604193449,Revised Promoter
9.0,Because godrej is very durable brand but they have limited range in some cities.,0.0505128242,0.5583714843,0.3911156952,Revised Detractor
,,0.2395021617,0.5281888247,0.0,
10.0,Good brand,0.0178173818,0.2643620372,0.7178205848,Promoter
10.0,Products very unique and different ,0.0242911316,0.3894072771,0.5863015652,Promoter
10.0,Because of good brand ,0.0111757927,0.2267362475,0.7620880008,Promoter
8.0,The availabilty of Godrej furnitures is limited,0.3534823656,0.6203634143,0.0261541922,Detractor
,,0.2395021617,0.5281888247,0.0,
9.0,Because I am using products of this company brand and I am fully satisfied with the device products services ,0.0021199803,0.0285583362,0.9693217278,Promoter
,,0.2395021617,0.5281888247,0.0,
,,0.2395021617,0.5281888247,0.0,
10.0,"Godrej produces multi-verity furniture that is long-lasting, durable, and strong.  ",0.0040817996,0.2180325389,0.7778856158,Promoter
,,0.2395021617,0.5281888247,0.0,
,,0.2395021617,0.5281888247,0.0,
,,0.2395021617,0.5281888247,0.0,
,,0.2395021617,0.5281888247,0.0,
,,0.2395021617,0.5281888247,0.0,
7.0,Good customer service ,0.0225526597,0.1566845775,0.8207627535,Revised Promoter
,,0.2395021617,0.5281888247,0.0,
7.0,Because I'm not using it that much,0.5188240409,0.4446673989,0.03650859,Detractor
,,0.2395021617,0.5281888247,0.0,
,,0.2395021617,0.5281888247,0.0,
9.0,Very Reliable and Good Furniture Company ,0.0026086525,0.063280113,0.9341111779,Promoter
6.0,because it is safe,0.0403644405,0.6308701038,0.3287655115,Detractor
10.0,Because this is a very popular and trustworthy brand ,0.0029953006,0.0749817118,0.9220230579,Promoter
,,0.2395021617,0.5281888247,0.0,
9.0,Good quality of wood products ,0.0124051329,0.2528396249,0.734755218,Promoter
,,0.2395021617,0.5281888247,0.0,
8.0,Because godrej is very good and very nice company,0.0021698896,0.0161149669,0.9817152023,Promoter
,,0.2395021617,0.5281888247,0.0,
,,0.2395021617,0.5281888247,0.0,
7.0,I'm using this brand for more than 10 years and Till now it's good. ,0.0108851055,0.118047215,0.8710676432,Revised Promoter
,,0.2395021617,0.5281888247,0.0,
10.0,Good product ,0.0087558441,0.1015335321,0.8897106051,Promoter
,,0.2395021617,0.5281888247,0.0,
10.0,Because it has a trusted brand and I love that products,0.0013965869,0.0145463524,0.9840570092,Promoter
,,0.2395021617,0.5281888247,0.0,
,,0.2395021617,0.5281888247,0.0,
9.0,It is very good and long lasting.,0.0016881486,0.0239211228,0.9743907452,Promoter
,,0.2395021617,0.5281888247,0.0,
10.0,Godrej is the brand which is known bu every indian,0.0483775325,0.8641862869,0.0874361396,Revised Detractor
9.0,Very durable furniture used from my grand parents age,0.0112092635,0.455172956,0.5336177945,Promoter
,,0.2395021617,0.5281888247,0.0,
10.0,All products of Godrej is very durable and they furniture with best material ,0.0035620697,0.1164421588,0.8799957633,Promoter
9.0,Godrej bero has a good quality,0.0049770293,0.1478937417,0.8471292257,Promoter
,,0.2395021617,0.5281888247,0.0,
10.0,"Because I used these brands in past
That's why",0.1772107482,0.7265712619,0.0962179825,Revised Detractor
8.0,very trustable,0.0150154624,0.2822111249,0.7027733922,Promoter
8.0,Offer good delivery and installation services with high quality products at reasonable rates,0.0048455945,0.1563558429,0.8387985826,Promoter
10.0,Brand is good but not so satishfying,0.3079002202,0.5297462344,0.1623535603,Revised Detractor
,,0.2395021617,0.5281888247,0.0,
10.0,Godrej is an Indian furniture company. It is very favorite brand in India. It has innovative and latest technology used products. ,0.0012289429,0.0335961506,0.9651748538,Promoter
8.0,Its a good brand and prodÃ¹ct quality and durability is very good reasonable price,0.0019924359,0.023313066,0.97469455,Promoter
,,0.2395021617,0.5281888247,0.0,
,,0.2395021617,0.5281888247,0.0,
8.0,Just because of quality ,0.1046525016,0.6595201492,0.2358274162,Detractor
,,0.2395021617,0.5281888247,0.0,
,,0.2395021617,0.5281888247,0.0,
10.0,It's a good,0.0062871594,0.0748235583,0.9188892245,Promoter
10.0,"One of the types of high quality wood used for making furniture is teak wood as it is durable and highly fire-resistant other types of wood include rosewood ,deodar ,oak, mahogany ",0.0050566625,0.3585785031,0.6363648176,Promoter
,,0.2395021617,0.5281888247,0.0,
,,0.2395021617,0.5281888247,0.0,
10.0,"Its service was so good, give the valuable product, very reasonable and authentic product ",0.0020402458,0.0182269681,0.9797327518,Promoter
8.0,Service is very good ,0.0039402493,0.0322820805,0.9637776613,Promoter
,,0.2395021617,0.5281888247,0.0,
,,0.2395021617,0.5281888247,0.0,
,,0.2395021617,0.5281888247,0.0,
,,0.2395021617,0.5281888247,0.0,
,,0.2395021617,0.5281888247,0.0,
6.0,Because it's a trusted brand and I have used it's product ,0.0073291576,0.2922595441,0.7004113197,Revised Promoter
,,0.2395021617,0.5281888247,0.0,
8.0,Good in furniture ,0.0151460199,0.2597488165,0.7251051664,Promoter
10.0,Premium quality ,0.1103193685,0.5919303894,0.2977502942,Revised Detractor
,,0.2395021617,0.5281888247,0.0,
,,0.2395021617,0.5281888247,0.0,
8.0,Because sometimes i didn't like it ,0.8071324825,0.1788238585,0.0140436338,Detractor
8.0,Good products,0.0128227929,0.1685648859,0.8186123371,Promoter
,,0.2395021617,0.5281888247,0.0,
9.0,It's furniture is of good quality,0.0053798943,0.107856743,0.8867633939,Promoter
8.0,Quality is not so good.,0.9223375916,0.0723416731,0.0053207185,Detractor
9.0,Godrej product is good and with quality. Prices are reasonable and durable.,0.0020850815,0.0296743643,0.9682406187,Promoter
10.0,This is a very old and trustable company I am using those products for a very long time and I am very satisfied.,0.0021447234,0.0204670094,0.9773882627,Promoter
,,0.2395021617,0.5281888247,0.0,
10.0,Very nice ,0.006577455,0.053017132,0.9404054284,Promoter
6.0,matirile is not so good condition,0.8346041441,0.1532511711,0.0121446922,Detractor
10.0,Durable and lasting of the products is the best of all,0.0023182267,0.0354021415,0.9622796178,Promoter
7.0,I was not that satisfied. ,0.8885728717,0.1017580628,0.0096690366,Detractor
,,0.2395021617,0.5281888247,0.0,
10.0,"I have used it .This brand has a good quality furniture, it satisfies my need",0.0019893497,0.0280594639,0.9699511528,Promoter
10.0,GODREJ IS LESS INNOVATIVE THAN OTHERS BUT DURABLE AND TRUSTWORTHY IN FURNITURE ,0.5915912986,0.3583990932,0.0500096343,Revised Detractor
10.0,Its furniture is High quality and good looking,0.0026740171,0.0514457114,0.9458802342,Promoter
10.0,I like very much ,0.0045893556,0.0575355105,0.937875092,Promoter
,,0.2395021617,0.5281888247,0.0,
,,0.2395021617,0.5281888247,0.0,
,,0.2395021617,0.5281888247,0.0,
,,0.2395021617,0.5281888247,0.0,
10.0,Their products are really good and durable ,0.0023278047,0.0247333329,0.9729388952,Promoter
,,0.2395021617,0.5281888247,0.0,
,,0.2395021617,0.5281888247,0.0,
,,0.2395021617,0.5281888247,0.0,
,,0.2395021617,0.5281888247,0.0,
10.0,Because it's quality are nice,0.0077496446,0.0930815861,0.8991687894,Promoter
9.0,Because I like Godrej brand.it is trustworthy,0.0030730118,0.0937818736,0.9031451344,Promoter
,,0.2395021617,0.5281888247,0.0,
,,0.2395021617,0.5281888247,0.0,
,,0.2395021617,0.5281888247,0.0,
10.0,"Nothing any cause but a score, no doubt it is a very good company. ",0.0113790687,0.0941395387,0.8944814205,Promoter
,,0.2395021617,0.5281888247,0.0,
10.0,As i said before i like this brand because they have quality products,0.0030860787,0.0374916941,0.9594221711,Promoter
,,0.2395021617,0.5281888247,0.0,
10.0,I had used their products which last lomg,0.0371030793,0.8314842582,0.1314126551,Revised Detractor
,,0.2395021617,0.5281888247,0.0,
,,0.2395021617,0.5281888247,0.0,
6.0,"Though it's a famous brand, the product I purchased is old  model ",0.4363474548,0.4947277009,0.0689248741,Detractor
10.0,i think so,0.0442127883,0.6163597703,0.3394274712,Revised Detractor
,,0.2395021617,0.5281888247,0.0,
,,0.2395021617,0.5281888247,0.0,
,,0.2395021617,0.5281888247,0.0,
,,0.2395021617,0.5281888247,0.0,
,,0.2395021617,0.5281888247,0.0,
10.0,Like it very much ,0.0060973694,0.1175745502,0.8763280511,Promoter
8.0,Good company having good customer service. This brand deals with variety of products/ services.,0.0025438471,0.0395362861,0.9579198956,Promoter
,,0.2395021617,0.5281888247,0.0,
,,0.2395021617,0.5281888247,0.0,
,,0.2395021617,0.5281888247,0.0,
,,0.2395021617,0.5281888247,0.0,
,,0.2395021617,0.5281888247,0.0,
,,0.2395021617,0.5281888247,0.0,
,,0.2395021617,0.5281888247,0.0,
8.0,Yes this gives better in line too and get maximum benefits about the products and services too. ,0.0036250337,0.0664783716,0.9298965335,Promoter
9.0,I like this brand ,0.0034282168,0.053861063,0.9427107573,Promoter
10.0,As I told before Godrej is the oldest and reputable brand in India. Its reputation is long lasting and durabiltiy. The trust of the brand is the biggest success of the brand.,0.0021759658,0.0860077739,0.9118162394,Promoter
,,0.2395021617,0.5281888247,0.0,
10.0,One of the best companies in Interior solutions for homes they have a wide range of products from doors to lockers which are important in day to day functioning of our homes,0.0014811641,0.022559613,0.9759592414,Promoter
,,0.2395021617,0.5281888247,0.0,
,,0.2395021617,0.5281888247,0.0,
6.0,It's very nice ,0.0027316574,0.0234149583,0.9738534689,Revised Promoter
,,0.2395021617,0.5281888247,0.0,
10.0,Due to its durability & oldest branded company ,0.0077615203,0.4907998443,0.5014386177,Promoter
,,0.2395021617,0.5281888247,0.0,
10.0,zczxvxzvdsfdsafsadgdagdsgd,0.2702382505,0.6654429436,0.0643187761,Revised Detractor
10.0,It's very safeguard product ,0.0163182076,0.2873180807,0.6963636875,Promoter
,,0.2395021617,0.5281888247,0.0,
,,0.2395021617,0.5281888247,0.0,
,,0.2395021617,0.5281888247,0.0,
10.0,It is one of yhe best brand whose product is avaliable at readable cost.,0.0019376114,0.0272506494,0.9708117843,Promoter
9.0,It gives renew of the product ,0.0377632044,0.5957328081,0.3665039837,Revised Detractor
,,0.2395021617,0.5281888247,0.0,
,,0.2395021617,0.5281888247,0.0,
,,0.2395021617,0.5281888247,0.0,
,,0.2395021617,0.5281888247,0.0,
,,0.2395021617,0.5281888247,0.0,
9.0,Its good and trusted ,0.0072157364,0.1386567503,0.8541274667,Promoter
,,0.2395021617,0.5281888247,0.0,
,,0.2395021617,0.5281888247,0.0,
9.0,sfdsfdsfdf,0.2833113074,0.6075926423,0.1090960652,Revised Detractor
8.0,Very nice looking bhai ye video call Karo to be ,0.0027739075,0.0484723002,0.9487538338,Promoter
,,0.2395021617,0.5281888247,0.0,
,,0.2395021617,0.5281888247,0.0,
,,0.2395021617,0.5281888247,0.0,
,,0.2395021617,0.5281888247,0.0,
,,0.2395021617,0.5281888247,0.0,
,,0.2395021617,0.5281888247,0.0,
,,0.2395021617,0.5281888247,0.0,
8.0,7,,,,
,,0.2395021617,0.5281888247,0.0,
8.0,Because i like it ,0.0199690182,0.1795659661,0.8004649878,Promoter
10.0,100,,,,
9.0,"Oldest, trusted, widely used and readily available.",0.0229818262,0.5874900222,0.3895281851,Revised Detractor
,,0.2395021617,0.5281888247,0.0,
,,0.2395021617,0.5281888247,0.0,
,,0.2395021617,0.5281888247,0.0,
9.0,Very good brands for daily usage,0.0033744241,0.0882829055,0.9083426595,Promoter
8.0,This product is in awesome quality ,0.0026660163,0.0276368205,0.9696971774,Promoter
8.0,The quality is good and it's cheaper than its competitors with new modern designs,0.0046010036,0.0486050621,0.9467938542,Promoter
,,0.2395021617,0.5281888247,0.0,
9.0,Innovative and creative brand its durability is for long life,0.003699617,0.1533140987,0.8429862857,Promoter
10.0,Godrej Very good and fantastic and Top,0.0029664373,0.0308275055,0.9662060738,Promoter
,,0.2395021617,0.5281888247,0.0,
,,0.2395021617,0.5281888247,0.0,
10.0,Godrej is long lasting brand for furniture and its production doesn't have any complaint in minimum 10 years,0.0078814514,0.1674119532,0.824706614,Promoter
,,0.2395021617,0.5281888247,0.0,
,,0.2395021617,0.5281888247,0.0,
,,0.2395021617,0.5281888247,0.0,
,,0.2395021617,0.5281888247,0.0,
10.0,Because it's very trustable and good product and his network is every where ,0.003120543,0.0474207513,0.9494586587,Promoter
10.0,Because i like the godrej furniture.,0.0116537521,0.2109484673,0.7773978114,Promoter
,,0.2395021617,0.5281888247,0.0,
,,0.2395021617,0.5281888247,0.0,
10.0,ðŸ’¯ and good,0.0169130396,0.2081417143,0.7749452591,Promoter
,,0.2395021617,0.5281888247,0.0,
,,0.2395021617,0.5281888247,0.0,
10.0,I am using it from a long time and experience is good,0.0020443513,0.0233380869,0.9746175408,Promoter
,,0.2395021617,0.5281888247,0.0,
9.0,Godrej has very good quality furniture which can be used years and years and regarding stroage unit first name came in the mind is godrej only,0.0034289425,0.0498583466,0.9467126727,Promoter
,,0.2395021617,0.5281888247,0.0,
7.0,Because of provide good quality furniture of,0.0144050438,0.3598057032,0.6257892847,Revised Promoter
,,0.2395021617,0.5281888247,0.0,
,,0.2395021617,0.5281888247,0.0,
10.0,Godrej is a top class brand in home furniture storage. We had been using this brand for so long and it's build quality is just amazing with premium looks,0.0015468148,0.0142752388,0.984177947,Promoter
,,0.2395021617,0.5281888247,0.0,
10.0,Because godrej is a very good brand for home appliances and it has so many good product and i also like this brand very much ,0.001257699,0.0117829014,0.9869593978,Promoter
,,0.2395021617,0.5281888247,0.0,
,,0.2395021617,0.5281888247,0.0,
8.0,Godrej furniture is good but bit costly,0.0689293593,0.3524276316,0.578643024,Promoter
6.0,It doesn't operate in this sector,0.4958544672,0.4815762043,0.0225693695,Detractor
8.0,I like the product of godrej. It is a premium brand. ,0.0025857729,0.0449746288,0.9524396062,Promoter
7.0,The products of that brand is good and reliable,0.0026364948,0.0754445642,0.9219189882,Revised Promoter
10.0,It is the only company I have more truth on their products and they maintain a good relation with customers,0.0034118574,0.0684982985,0.9280898571,Promoter
9.0,Because of premium quality of the product.,0.02415663,0.4661632776,0.5096800923,Promoter
8.0,It's very good brand ,0.0037340538,0.0505343191,0.9457315803,Promoter
,,0.2395021617,0.5281888247,0.0,
9.0,Because of its quality ,0.0782678872,0.6433410645,0.2783910334,Revised Detractor
,,0.2395021617,0.5281888247,0.0,
10.0,Good brand and good service provided by goderaj ,0.0033494718,0.0637248382,0.9329256415,Promoter
10.0,10-Oct,0.1605382413,0.6780654192,0.1613963693,Revised Detractor
,,0.2395021617,0.5281888247,0.0,
8.0,Brand ,0.1476931274,0.6549876332,0.1973192096,Detractor
10.0,Good quality product and very long lasting,0.0029493822,0.0466230214,0.9504275918,Promoter
,,0.2395021617,0.5281888247,0.0,
,,0.2395021617,0.5281888247,0.0,
,,0.2395021617,0.5281888247,0.0,
,,0.2395021617,0.5281888247,0.0,
,,0.2395021617,0.5281888247,0.0,
10.0,Its quality and materials ,0.1165224612,0.7373322845,0.1461452097,Revised Detractor
10.0,"Very attractive products
Durebilty. Easy to use. Long lasting ",0.0023052269,0.0311491676,0.9665456414,Promoter
8.0,9,,,,
,,0.2395021617,0.5281888247,0.0,
,,0.2395021617,0.5281888247,0.0,
,,0.2395021617,0.5281888247,0.0,
10.0,Best,0.0594469756,0.4225663245,0.5179867148,Promoter
,,0.2395021617,0.5281888247,0.0,
,,0.2395021617,0.5281888247,0.0,
,,0.2395021617,0.5281888247,0.0,
,,0.2395021617,0.5281888247,0.0,
8.0,Excellent brand value ,0.0145077659,0.2447542548,0.7407379746,Promoter
,,0.2395021617,0.5281888247,0.0,
,,0.2395021617,0.5281888247,0.0,
,,0.2395021617,0.5281888247,0.0,
9.0,It quality is very strong ,0.0080269715,0.1452847123,0.8466883302,Promoter
10.0,I like it very much ,0.0025683846,0.0268308725,0.9706007242,Promoter
,,0.2395021617,0.5281888247,0.0,
5.0,8,,,,
10.0,i give this score it is branded products ,0.0513041914,0.598217845,0.3504779339,Revised Detractor
,,0.2395021617,0.5281888247,0.0,
,,0.2395021617,0.5281888247,0.0,
,,0.2395021617,0.5281888247,0.0,
,,0.2395021617,0.5281888247,0.0,
,,0.2395021617,0.5281888247,0.0,
,,0.2395021617,0.5281888247,0.0,
,,0.2395021617,0.5281888247,0.0,
,,0.2395021617,0.5281888247,0.0,
9.0,It is still in traditional fashion.,0.0768096969,0.8439327478,0.0792575181,Revised Detractor
10.0,Very good quality as well as brand name ,0.0057561989,0.0685952082,0.9256485701,Promoter
,,0.2395021617,0.5281888247,0.0,
9.0,Because it is a great company and it producess many use full product.,0.0035002171,0.0336493813,0.9628503919,Promoter
,,0.2395021617,0.5281888247,0.0,
,,0.2395021617,0.5281888247,0.0,
,,0.2395021617,0.5281888247,0.0,
2.0,I like it.,0.0090974225,0.0827132761,0.9081893563,Revised Promoter
,,0.2395021617,0.5281888247,0.0,
,,0.2395021617,0.5281888247,0.0,
,,0.2395021617,0.5281888247,0.0,
,,0.2395021617,0.5281888247,0.0,
,,0.2395021617,0.5281888247,0.0,
6.0,Good and old brand can b trusted,0.0096335812,0.3358452618,0.6545211673,Revised Promoter
10.0,It has good services.,0.0042946804,0.0556538738,0.9400514364,Promoter
6.0,It is one of my preferred brand when it comes to furniture and this is good brand ,0.0014174104,0.0263094697,0.9722731113,Revised Promoter
10.0,Its a brqnd that i trust. ,0.0070489259,0.189559713,0.8033913374,Promoter
,,0.2395021617,0.5281888247,0.0,
10.0,I think it deserves it,0.0104065016,0.2110003978,0.778593123,Promoter
,,0.2395021617,0.5281888247,0.0,
7.0,Bdhdhd dhdjd dhdjd djdjd djdjdjd djdjdjd djjdjdjskwiye ejeiirkrjzys ejeyxoxbwyye zuxyd djdjdjd ,0.1510093808,0.7802635431,0.0687270835,Detractor
,,0.2395021617,0.5281888247,0.0,
8.0,It has a little higher price than others.,0.1797104925,0.7655333877,0.054756131,Detractor
,,0.2395021617,0.5281888247,0.0,
10.0,It's a very good brand,0.0026766013,0.0322615579,0.9650618434,Promoter
,,0.2395021617,0.5281888247,0.0,
,,0.2395021617,0.5281888247,0.0,
8.0,Very trusted ,0.0097499341,0.2851879299,0.705062151,Promoter
6.0,Clean cover,0.028628489,0.4430864155,0.5282851458,Revised Promoter
,,0.2395021617,0.5281888247,0.0,
,,0.2395021617,0.5281888247,0.0,
,,0.2395021617,0.5281888247,0.0,
,,0.2395021617,0.5281888247,0.0,
10.0,Godrej is one of the most prestigious brand which has excellent quality at affordable prices. ,0.0016529297,0.0295253228,0.968821764,Promoter
,,0.2395021617,0.5281888247,0.0,
,,0.2395021617,0.5281888247,0.0,
,,0.2395021617,0.5281888247,0.0,
,,0.2395021617,0.5281888247,0.0,
,,0.2395021617,0.5281888247,0.0,
,,0.2395021617,0.5281888247,0.0,
,,0.2395021617,0.5281888247,0.0,
9.0,7,,,,
,,0.2395021617,0.5281888247,0.0,
10.0,"Because is durability and finishing touches, quality",0.1018936262,0.6986377835,0.1994686276,Revised Detractor
6.0,I think I will be available for common people ,0.0175009947,0.4841466546,0.4983523786,Detractor
10.0,Because I have a very good past experience,0.0029143228,0.0348585434,0.9622271657,Promoter
,,0.2395021617,0.5281888247,0.0,
,,0.2395021617,0.5281888247,0.0,
,,0.2395021617,0.5281888247,0.0,
10.0,I love,0.0102254404,0.0518459715,0.9379285574,Promoter
,,0.2395021617,0.5281888247,0.0,
10.0,10,,,,
10.0,It is very good ,0.0029713672,0.0222984366,0.9747301936,Promoter
,,0.2395021617,0.5281888247,0.0,
9.0,I like this because of the product of this company is very much trusted ,0.0018169899,0.0247548595,0.9734281898,Promoter
,,0.2395021617,0.5281888247,0.0,
10.0,Because Godrej brand is a very nice quality brand so I'm give this rank. ,0.0035866182,0.0588820055,0.9375314116,Promoter
,,0.2395021617,0.5281888247,0.0,
,,0.2395021617,0.5281888247,0.0,
5.0,An average product,0.6521441936,0.3180957437,0.0297600552,Detractor
10.0,Old reliable company with durable products ,0.0088497,0.2614968717,0.7296534181,Promoter
9.0,I like it ,0.009157381,0.0924557447,0.8983868361,Promoter
,,0.2395021617,0.5281888247,0.0,
10.0,because its a branded company also very good worth for money,0.0030797934,0.0514742993,0.9454459548,Promoter
,,0.2395021617,0.5281888247,0.0,
,,0.2395021617,0.5281888247,0.0,
,,0.2395021617,0.5281888247,0.0,
,,0.2395021617,0.5281888247,0.0,
,,0.2395021617,0.5281888247,0.0,
9.0,It's good ,0.0037958089,0.0409125276,0.9552916288,Promoter
10.0,Is a premium brand,0.0316156931,0.6868456602,0.2815386653,Revised Detractor
10.0,Godrej is a good brand. Cost effective,0.0032695401,0.0574342348,0.939296186,Promoter
10.0,I like its products ,0.0057648174,0.0830453187,0.9111898541,Promoter
,,0.2395021617,0.5281888247,0.0,
10.0,9,,,,
,,0.2395021617,0.5281888247,0.0,
,,0.2395021617,0.5281888247,0.0,
9.0,Because of good survice ,0.010755687,0.2210757136,0.7681686282,Promoter
9.0,Godrej provide us high quality products ,0.0088730706,0.1843809634,0.8067459464,Promoter
,,0.2395021617,0.5281888247,0.0,
,,0.2395021617,0.5281888247,0.0,
10.0,It has long time good usage,0.0046640658,0.103556633,0.8917793632,Promoter
10.0,I like their quality of product and services.,0.0052538449,0.0591156594,0.9356305599,Promoter
8.0,It long lasting ,0.0224997029,0.5123948455,0.465105474,Detractor
,,0.2395021617,0.5281888247,0.0,
8.0,This is the brand I trust,0.0040239566,0.1500006318,0.8459754586,Promoter
,,0.2395021617,0.5281888247,0.0,
9.0,Godrej is well known brand for furniture and kitchen segments ,0.0138267316,0.6806508899,0.3055223525,Revised Detractor
5.0,It'sproducts are good ,0.0088642184,0.1110495627,0.8800862432,Revised Promoter
,,0.2395021617,0.5281888247,0.0,
4.0,1,,,,
10.0,"Godrej has been used from generations in my family. We buy them only for large long lasting needed products like cupboards. They are reliable, well built and more known for their trust ",0.0058733835,0.1843723059,0.8097543716,Promoter
,,0.2395021617,0.5281888247,0.0,
,,0.2395021617,0.5281888247,0.0,
,,0.2395021617,0.5281888247,0.0,
,,0.2395021617,0.5281888247,0.0,
7.0,Quality is very nice,0.0030134732,0.0226720553,0.9743144512,Revised Promoter
,,0.2395021617,0.5281888247,0.0,
,,0.2395021617,0.5281888247,0.0,
,,0.2395021617,0.5281888247,0.0,
,,0.2395021617,0.5281888247,0.0,
,,0.2395021617,0.5281888247,0.0,
,,0.2395021617,0.5281888247,0.0,
,,0.2395021617,0.5281888247,0.0,
7.0,Its really amazing brand but not as good as others in case of home furnishing,0.1595244259,0.3180129528,0.5224626064,Revised Promoter
7.0,7,,,,
,,0.2395021617,0.5281888247,0.0,
9.0,Great brand value ,0.007329125,0.1122300327,0.8804408312,Promoter
,,0.2395021617,0.5281888247,0.0,
,,0.2395021617,0.5281888247,0.0,
,,0.2395021617,0.5281888247,0.0,
10.0,"It's old and I love it
",0.0205107499,0.0868883282,0.892600894,Promoter
,,0.2395021617,0.5281888247,0.0,
,,0.2395021617,0.5281888247,0.0,
9.0,Quality is good and durable,0.0090447962,0.1737268567,0.8172283769,Promoter
10.0,Very much durable. Also available in smart kitchen version. Comes with an affordable price,0.0025910756,0.1051337123,0.8922752738,Promoter
10.0,10,,,,
8.0,Quality of products is good and reliable.,0.0093732132,0.1588919312,0.8317348361,Promoter
10.0,Because it deserves it ,0.0312215351,0.3408059478,0.6279724836,Promoter
6.0,Because they are reasonable in price but designs are not look very attractive ,0.6944997907,0.2633140385,0.0421861187,Detractor
,,0.2395021617,0.5281888247,0.0,
,,0.2395021617,0.5281888247,0.0,
9.0,This is very good ,0.0025148673,0.0155463032,0.981938839,Promoter
,,0.2395021617,0.5281888247,0.0,
,,0.2395021617,0.5281888247,0.0,
,,0.2395021617,0.5281888247,0.0,
10.0,It is very good product ,0.0031486591,0.0273186956,0.9695326686,Promoter
,,0.2395021617,0.5281888247,0.0,
7.0,It is a well known trusted brand,0.0093725864,0.4083521962,0.5822752714,Revised Promoter
9.0,Quality is nice ,0.0110892979,0.1049676761,0.8839430213,Promoter
,,0.2395021617,0.5281888247,0.0,
10.0,It's really good brand and quality is amazing.,0.0018434167,0.0126668261,0.9854897261,Promoter
,,0.2395021617,0.5281888247,0.0,
,,0.2395021617,0.5281888247,0.0,
9.0,Because the furniture is durable and interior design is best,0.0125681991,0.1882992536,0.7991325855,Promoter
,,0.2395021617,0.5281888247,0.0,
9.0,It is a trustworthy brand,0.0066040396,0.2548756301,0.7385203242,Promoter
,,0.2395021617,0.5281888247,0.0,
10.0,It's good ,0.0037958089,0.0409125276,0.9552916288,Promoter
,,0.2395021617,0.5281888247,0.0,
,,0.2395021617,0.5281888247,0.0,
5.0,50,,,,
7.0,It's good ,0.0037958089,0.0409125276,0.9552916288,Revised Promoter
,,0.2395021617,0.5281888247,0.0,
,,0.2395021617,0.5281888247,0.0,
7.0,Because it is good product but does not worth too it price,0.5750765204,0.3557235897,0.0691998526,Detractor
10.0,Best quality wood used ,0.0155949723,0.2885993123,0.6958057284,Promoter
10.0,Very trused brand,0.5105639696,0.4576869905,0.0317490064,Revised Detractor
10.0,Good to hear from the new year brother too and thanks again for the ,0.0012009764,0.012005819,0.98679322,Promoter
8.0,Godrej is reputed brand for furniture and home appliances.,0.031421639,0.8854186535,0.0831597075,Detractor
,,0.2395021617,0.5281888247,0.0,
8.0,Due to quality and service of product,0.0663994327,0.6675629616,0.2660376132,Detractor
9.0,Best in class ,0.0088364352,0.2032305598,0.787932992,Promoter
,,0.2395021617,0.5281888247,0.0,
,,0.2395021617,0.5281888247,0.0,
10.0,very good,0.0060826829,0.0457061492,0.9482111931,Promoter
,,0.2395021617,0.5281888247,0.0,
6.0,Good quality service experience and skills ,0.0086948192,0.1274914145,0.8638138175,Revised Promoter
,,0.2395021617,0.5281888247,0.0,
,,0.2395021617,0.5281888247,0.0,
,,0.2395021617,0.5281888247,0.0,
,,0.2395021617,0.5281888247,0.0,
,,0.2395021617,0.5281888247,0.0,
,,0.2395021617,0.5281888247,0.0,
,,0.2395021617,0.5281888247,0.0,
10.0,"Because it has products which last long and are of good quality, more choices available as per my need",0.0031372483,0.067112118,0.9297506213,Promoter
,,0.2395021617,0.5281888247,0.0,
10.0,Very good servise expireence,0.0189390499,0.1808178574,0.8002430797,Promoter
,,0.2395021617,0.5281888247,0.0,
,,0.2395021617,0.5281888247,0.0,
9.0,because i used their products and they are good,0.0025730454,0.0270108078,0.9704161286,Promoter
,,0.2395021617,0.5281888247,0.0,
,,0.2395021617,0.5281888247,0.0,
,,0.2395021617,0.5281888247,0.0,
10.0,its unique brand i fully satisfied ,0.0028476224,0.0518888086,0.9452635646,Promoter
10.0,It's always a good person to be a good person to ,0.0071414611,0.1025397778,0.8903187513,Promoter
10.0,9,,,,
,,0.2395021617,0.5281888247,0.0,
,,0.2395021617,0.5281888247,0.0,
8.0,I dont like the quality,0.9605418444,0.0362099148,0.0032481353,Detractor
9.0,5,,,,
9.0,The quality is very good,0.002608093,0.0243227035,0.9730692506,Promoter
10.0,It is more trusted brand and well known and also brings latest ideas,0.0022833422,0.1077295765,0.8899871111,Promoter
9.0,Love it,0.0145713734,0.0649025068,0.9205260873,Promoter
7.0,Because it has an established name,0.0948212221,0.8063639998,0.098814711,Detractor
10.0,They are nake good very products in this market capvity,0.0082770847,0.1085551381,0.8831677437,Promoter
10.0,It's a very trusted brand. And durable.,0.0038413806,0.1288449168,0.8673137426,Promoter
,,0.2395021617,0.5281888247,0.0,
,,0.2395021617,0.5281888247,0.0,
,,0.2395021617,0.5281888247,0.0,
,,0.2395021617,0.5281888247,0.0,
0.0,Its not that good,0.9447494745,0.0486886129,0.0065619359,Detractor
,,0.2395021617,0.5281888247,0.0,
6.0,Better quality ,0.0624287426,0.5186647177,0.4189065397,Detractor
,,0.2395021617,0.5281888247,0.0,
7.0,Nice service with reasonable price ,0.0074154511,0.0808813721,0.9117031693,Revised Promoter
10.0,Godrej is a very popular brand which have a market value and it's product quality is so much batter than other.,0.0068669259,0.0844609439,0.9086720943,Promoter
,,0.2395021617,0.5281888247,0.0,
,,0.2395021617,0.5281888247,0.0,
8.0,It's is nice ,0.0044245482,0.0481355712,0.9474398494,Promoter
,,0.2395021617,0.5281888247,0.0,
,,0.2395021617,0.5281888247,0.0,
8.0,From advertisement ,0.2597055733,0.6798846722,0.0604098141,Detractor
,,0.2395021617,0.5281888247,0.0,
9.0,I think that is one of the superior brand with all the genuine and smart products.,0.0017121066,0.0239271801,0.974360764,Promoter
10.0,very good brand,0.007857007,0.0982498378,0.8938931823,Promoter
,,0.2395021617,0.5281888247,0.0,
10.0,Good brand value,0.0124366861,0.2876954079,0.6998679638,Promoter
,,0.2395021617,0.5281888247,0.0,
9.0,Nothing specific ,0.2107593864,0.726028204,0.0632124096,Revised Detractor
10.0,"has products which have latest technology, quality is superior, products are easily find in store",0.0064178393,0.1004035473,0.8931786418,Promoter
8.0,Because this brand provides really good features ,0.0027073347,0.0421306938,0.9551619887,Promoter
2.0,I like the extremism ,0.0981416255,0.4217740297,0.4800843596,Detractor
9.0,"I have been using it for a long time and there are no complaints, it's preety much the same today also.",0.0163769703,0.1800029427,0.8036200404,Promoter
,,0.2395021617,0.5281888247,0.0,
,,0.2395021617,0.5281888247,0.0,
10.0,10,,,,
,,0.2395021617,0.5281888247,0.0,
,,0.2395021617,0.5281888247,0.0,
,,0.2395021617,0.5281888247,0.0,
,,0.2395021617,0.5281888247,0.0,
10.0, It is very good,0.0024001182,0.0141837485,0.9834160805,Promoter
,,0.2395021617,0.5281888247,0.0,
,,0.2395021617,0.5281888247,0.0,
,,0.2395021617,0.5281888247,0.0,
,,0.2395021617,0.5281888247,0.0,
,,0.2395021617,0.5281888247,0.0,
,,0.2395021617,0.5281888247,0.0,
,,0.2395021617,0.5281888247,0.0,
,,0.2395021617,0.5281888247,0.0,
,,0.2395021617,0.5281888247,0.0,
,,0.2395021617,0.5281888247,0.0,
,,0.2395021617,0.5281888247,0.0,
,,0.2395021617,0.5281888247,0.0,
10.0,Supper good product ,0.0185490493,0.2698505521,0.7116004229,Promoter
,,0.2395021617,0.5281888247,0.0,
,,0.2395021617,0.5281888247,0.0,
,,0.2395021617,0.5281888247,0.0,
9.0,Because it is best product,0.0117967194,0.1459301114,0.8422731757,Promoter
8.0,customer service is not good,0.9747282863,0.0226560663,0.0026156758,Detractor
,,0.2395021617,0.5281888247,0.0,
8.0,80/100,0.0952618495,0.7443077564,0.1604304314,Detractor
10.0,Because this brand never compromise with the quality of the product. And always delivers superior quality goods.,0.0093424702,0.1224518716,0.8682056069,Promoter
,,0.2395021617,0.5281888247,0.0,
8.0,As per market pricing of the products are too high..,0.7074713111,0.2753730714,0.0171556436,Detractor
10.0,10,,,,
,,0.2395021617,0.5281888247,0.0,
10.0,This is one of the best brand in this field and make outstanding products.,0.0016001626,0.0128224436,0.9855774045,Promoter
,,0.2395021617,0.5281888247,0.0,
,,0.2395021617,0.5281888247,0.0,
,,0.2395021617,0.5281888247,0.0,
3.0,I used it's product and i was worth of them amount,0.0306238476,0.6334898472,0.3358863294,Detractor
7.0,Because godrej is a very old and trusted brand. And i already have products of godrej in my home. ,0.0172356404,0.4039825201,0.5787818432,Revised Promoter
10.0,It gives good service,0.0079929978,0.0741327181,0.9178742766,Promoter
,,0.2395021617,0.5281888247,0.0,
,,0.2395021617,0.5281888247,0.0,
,,0.2395021617,0.5281888247,0.0,
,,0.2395021617,0.5281888247,0.0,
,,0.2395021617,0.5281888247,0.0,
10.0,Established brand ,0.1109131798,0.7824389935,0.1066478193,Revised Detractor
6.0,Durable ,0.0708498582,0.5567888618,0.3723612726,Detractor
,,0.2395021617,0.5281888247,0.0,
,,0.2395021617,0.5281888247,0.0,
9.0,I like it,0.010962408,0.1102624685,0.8787751198,Promoter
7.0,Because It's good,0.0077271713,0.1085068211,0.8837659955,Revised Promoter
10.0,I like the brand ,0.005453608,0.0942056403,0.9003407359,Promoter
8.0,8,,,,
8.0,Because of its product quality ,0.2374165505,0.6390662193,0.12351726,Detractor
9.0,8 on 10,0.0577649139,0.7641410232,0.1780940741,Revised Detractor
,,0.2395021617,0.5281888247,0.0,
,,0.2395021617,0.5281888247,0.0,
10.0,It is because it provides very good and high quality products in best price range and i I like the qualities very well,0.001698814,0.0155970585,0.982704103,Promoter
8.0,8,,,,
,,0.2395021617,0.5281888247,0.0,
10.0,i like it,0.0138924867,0.1263614595,0.8597460985,Promoter
,,0.2395021617,0.5281888247,0.0,
,,0.2395021617,0.5281888247,0.0,
,,0.2395021617,0.5281888247,0.0,
8.0,because of the service that godrej provide,0.0168428104,0.487914294,0.4952428639,Detractor
8.0,I dont use this brands products ,0.7922032475,0.1937684864,0.0140282381,Detractor
,,0.2395021617,0.5281888247,0.0,
,,0.2395021617,0.5281888247,0.0,
10.0,It's most trustworthy brand,0.0085127288,0.2506446242,0.7408425808,Promoter
10.0,Godrej is an trusted brand. They have good variety of products. They have good customer service. Thank you.,0.0017657999,0.0160181466,0.9822160006,Promoter
,,0.2395021617,0.5281888247,0.0,
,,0.2395021617,0.5281888247,0.0,
,,0.2395021617,0.5281888247,0.0,
10.0,Godrej provides good quality products at reasonable price and good aftersale service. So why I give this grade.,0.0031967445,0.0439958684,0.9528074265,Promoter
,,0.2395021617,0.5281888247,0.0,
9.0,9,,,,
9.0,Performance quite ,0.1046472639,0.6636459827,0.2317067385,Revised Detractor
,,0.2395021617,0.5281888247,0.0,
,,0.2395021617,0.5281888247,0.0,
,,0.2395021617,0.5281888247,0.0,
10.0,It's established brand I personally experience that ,0.080298543,0.7915189266,0.1281825602,Revised Detractor
,,0.2395021617,0.5281888247,0.0,
,,0.2395021617,0.5281888247,0.0,
,,0.2395021617,0.5281888247,0.0,
,,0.2395021617,0.5281888247,0.0,
9.0,Good survices ,0.0138368336,0.2173342705,0.7688288689,Promoter
10.0,"Quality items at affordable price
",0.0189756826,0.3367088139,0.6443155408,Promoter
,,0.2395021617,0.5281888247,0.0,
10.0,Brand it is,0.1158744246,0.6884993911,0.1956262141,Revised Detractor
,,0.2395021617,0.5281888247,0.0,
,,0.2395021617,0.5281888247,0.0,
8.0,Because it's products are very fabulous but it's costly also,0.035691347,0.1208553463,0.8434533477,Promoter
9.0,Godrej is good but not the best,0.5432444811,0.4027909338,0.0539645664,Revised Detractor
,,0.2395021617,0.5281888247,0.0,
10.0,Good quality ,0.0217298735,0.2667070031,0.71156317,Promoter
,,0.2395021617,0.5281888247,0.0,
,,0.2395021617,0.5281888247,0.0,
,,0.2395021617,0.5281888247,0.0,
10.0,Because this Brands has durable and affordable products ,0.0063230516,0.2012549788,0.7924219966,Promoter
8.0,It's product quality is good.,0.0052463138,0.0820113048,0.9127423763,Promoter
,,0.2395021617,0.5281888247,0.0,
9.0,Well godrej is a good brand but can have better goods,0.0237297136,0.2359151691,0.740355134,Promoter
8.0,This is my one of the favourite brand ,0.0014525807,0.0198038146,0.9787436128,Promoter
,,0.2395021617,0.5281888247,0.0,
9.0,Because it's product quality is too good ,0.4814514518,0.365211308,0.15333727,Revised Detractor
9.0,It's a trustworthy and high quality brand,0.0035027652,0.1259322464,0.8705650568,Promoter
9.0,It is a good reputed quality products,0.0054861046,0.0812685415,0.9132453799,Promoter
9.0,Because this brands provide good service ,0.0062018065,0.1011825427,0.8926156163,Promoter
7.0,Because of their quality products ,0.0384697132,0.4582546949,0.5032756329,Revised Promoter
9.0,Because of brand reputation and best services.,0.0121722268,0.345002234,0.6428255439,Promoter
,,0.2395021617,0.5281888247,0.0,
9.0,I have personally used its product and based on longevity and quality of the product ,0.0084256995,0.425673157,0.5659011006,Promoter
10.0,I have purchased a lot of products from godrej and all are best and durable.,0.0017486137,0.0447340794,0.9535173774,Promoter
,,0.2395021617,0.5281888247,0.0,
10.0,"It gives good furniture
",0.0214737691,0.2657580078,0.7127681971,Promoter
10.0,It's must,0.0644826591,0.5493599176,0.3861574829,Revised Detractor
9.0,Good Good I am writing this email ,0.0120940655,0.1826069653,0.8052989841,Promoter
,,0.2395021617,0.5281888247,0.0,
9.0,Godrej is good and premium quality brand ,0.0044290759,0.0933429822,0.9022279978,Promoter
,,0.2395021617,0.5281888247,0.0,
,,0.2395021617,0.5281888247,0.0,
,,0.2395021617,0.5281888247,0.0,
9.0,Because I love it's durability and best in its price. ,0.0044113691,0.0398337059,0.9557548761,Promoter
10.0,Safe and a modern company produces quality products,0.0092230765,0.2243602276,0.7664166689,Promoter
9.0,Has a reputed brand name,0.1092633456,0.839029789,0.0517069362,Revised Detractor
,,0.2395021617,0.5281888247,0.0,
8.0,Nice,0.0660381541,0.354452759,0.5795090795,Promoter
10.0,Because it is a brand that i mostly trust ,0.0043540467,0.1530713439,0.8425745964,Promoter
,,0.2395021617,0.5281888247,0.0,
7.0,2,,,,
,,0.2395021617,0.5281888247,0.0,
8.0,Excellent material used and finishing is also good ,0.0045891441,0.0524522103,0.9429585934,Promoter
,,0.2395021617,0.5281888247,0.0,
,,0.2395021617,0.5281888247,0.0,
,,0.2395021617,0.5281888247,0.0,
,,0.2395021617,0.5281888247,0.0,
9.0,Good luck ,0.00445842,0.0987099707,0.8968316317,Promoter
10.0,Godrej makes quality products which are durable and gives elegant look to my home while lasting for years the brand has an positive image in the market and has disappointed me with the product experience.,0.2097052038,0.3697348833,0.4205598533,Revised Detractor
,,0.2395021617,0.5281888247,0.0,
8.0,Godrej is a good company but sometimes it has many bad remarks ,0.4849804044,0.4262589514,0.0887605995,Detractor
,,0.2395021617,0.5281888247,0.0,
,,0.2395021617,0.5281888247,0.0,
,,0.2395021617,0.5281888247,0.0,
,,0.2395021617,0.5281888247,0.0,
10.0,Best,0.0594469756,0.4225663245,0.5179867148,Promoter
10.0,Because it is a good brand for kitchen,0.0029360857,0.0823676363,0.9146962762,Promoter
10.0,9,,,,
,,0.2395021617,0.5281888247,0.0,
9.0,Because it's good,0.0071888114,0.0937955976,0.8990155458,Promoter
,,0.2395021617,0.5281888247,0.0,
10.0,Godrej is very good,0.0028453455,0.03100897,0.9661456347,Promoter
7.0,it is so good,0.0029414492,0.0093442164,0.9877142906,Revised Promoter
9.0,Nice,0.0660381541,0.354452759,0.5795090795,Promoter
10.0,Good morning and I hope you are having a great time in the next couple of days and I hope you are having a great time in the next couple of days and ,0.0011999846,0.0162342209,0.9825657606,Promoter
10.0,Best quality product and reasonable price ,0.0062043248,0.1006067544,0.8931889534,Promoter
10.0,It most trusted and well known brand,0.0073085385,0.2948444784,0.6978470087,Promoter
7.0,10,,,,
8.0,Because I realised there quality ,0.0705529079,0.5560597777,0.3733872771,Detractor
,,0.2395021617,0.5281888247,0.0,
,,0.2395021617,0.5281888247,0.0,
,,0.2395021617,0.5281888247,0.0,
,,0.2395021617,0.5281888247,0.0,
8.0,Because I have used godrej products and is good quality ,0.0071576061,0.1475110799,0.8453313112,Promoter
,,0.2395021617,0.5281888247,0.0,
,,0.2395021617,0.5281888247,0.0,
9.0,Because I like the brand and have a lot about it on various sources ,0.0045231269,0.1322673708,0.8632095456,Promoter
,,0.2395021617,0.5281888247,0.0,
,,0.2395021617,0.5281888247,0.0,
,,0.2395021617,0.5281888247,0.0,
,,0.2395021617,0.5281888247,0.0,
,,0.2395021617,0.5281888247,0.0,
,,0.2395021617,0.5281888247,0.0,
,,0.2395021617,0.5281888247,0.0,
,,0.2395021617,0.5281888247,0.0,
,,0.2395021617,0.5281888247,0.0,
,,0.2395021617,0.5281888247,0.0,
,,0.2395021617,0.5281888247,0.0,
,,0.2395021617,0.5281888247,0.0,
,,0.2395021617,0.5281888247,0.0,
,,0.2395021617,0.5281888247,0.0,
,,0.2395021617,0.5281888247,0.0,
,,0.2395021617,0.5281888247,0.0,
,,0.2395021617,0.5281888247,0.0,
,,0.2395021617,0.5281888247,0.0,
,,0.2395021617,0.5281888247,0.0,
,,0.2395021617,0.5281888247,0.0,
,,0.2395021617,0.5281888247,0.0,
,,0.2395021617,0.5281888247,0.0,
,,0.2395021617,0.5281888247,0.0,
,,0.2395021617,0.5281888247,0.0,
,,0.2395021617,0.5281888247,0.0,
,,0.2395021617,0.5281888247,0.0,
,,0.2395021617,0.5281888247,0.0,
,,0.2395021617,0.5281888247,0.0,
,,0.2395021617,0.5281888247,0.0,
,,0.2395021617,0.5281888247,0.0,
,,0.2395021617,0.5281888247,0.0,
,,0.2395021617,0.5281888247,0.0,
,,0.2395021617,0.5281888247,0.0,
,,0.2395021617,0.5281888247,0.0,
,,0.2395021617,0.5281888247,0.0,
,,0.2395021617,0.5281888247,0.0,
,,0.2395021617,0.5281888247,0.0,
,,0.2395021617,0.5281888247,0.0,
,,0.2395021617,0.5281888247,0.0,
,,0.2395021617,0.5281888247,0.0,
,,0.2395021617,0.5281888247,0.0,
,,0.2395021617,0.5281888247,0.0,
,,0.2395021617,0.5281888247,0.0,
,,0.2395021617,0.5281888247,0.0,
,,0.2395021617,0.5281888247,0.0,
,,0.2395021617,0.5281888247,0.0,
,,0.2395021617,0.5281888247,0.0,
,,0.2395021617,0.5281888247,0.0,
,,0.2395021617,0.5281888247,0.0,
,,0.2395021617,0.5281888247,0.0,
,,0.2395021617,0.5281888247,0.0,
,,0.2395021617,0.5281888247,0.0,
,,0.2395021617,0.5281888247,0.0,
,,0.2395021617,0.5281888247,0.0,
,,0.2395021617,0.5281888247,0.0,
,,0.2395021617,0.5281888247,0.0,
,,0.2395021617,0.5281888247,0.0,
,,0.2395021617,0.5281888247,0.0,
,,0.2395021617,0.5281888247,0.0,
,,0.2395021617,0.5281888247,0.0,
,,0.2395021617,0.5281888247,0.0,
,,0.2395021617,0.5281888247,0.0,
,,0.2395021617,0.5281888247,0.0,
,,0.2395021617,0.5281888247,0.0,
,,0.2395021617,0.5281888247,0.0,
,,0.2395021617,0.5281888247,0.0,
,,0.2395021617,0.5281888247,0.0,
,,0.2395021617,0.5281888247,0.0,
,,0.2395021617,0.5281888247,0.0,
,,0.2395021617,0.5281888247,0.0,
,,0.2395021617,0.5281888247,0.0,
,,0.2395021617,0.5281888247,0.0,
,,0.2395021617,0.5281888247,0.0,
,,0.2395021617,0.5281888247,0.0,
,,0.2395021617,0.5281888247,0.0,
,,0.2395021617,0.5281888247,0.0,
,,0.2395021617,0.5281888247,0.0,
,,0.2395021617,0.5281888247,0.0,
,,0.2395021617,0.5281888247,0.0,
,,0.2395021617,0.5281888247,0.0,
,,0.2395021617,0.5281888247,0.0,
,,0.2395021617,0.5281888247,0.0,
,,0.2395021617,0.5281888247,0.0,
,,0.2395021617,0.5281888247,0.0,
,,0.2395021617,0.5281888247,0.0,
,,0.2395021617,0.5281888247,0.0,
,,0.2395021617,0.5281888247,0.0,
,,0.2395021617,0.5281888247,0.0,
,,0.2395021617,0.5281888247,0.0,
,,0.2395021617,0.5281888247,0.0,
,,0.2395021617,0.5281888247,0.0,
,,0.2395021617,0.5281888247,0.0,
,,0.2395021617,0.5281888247,0.0,
,,0.2395021617,0.5281888247,0.0,
,,0.2395021617,0.5281888247,0.0,
,,0.2395021617,0.5281888247,0.0,
,,0.2395021617,0.5281888247,0.0,
,,0.2395021617,0.5281888247,0.0,
,,0.2395021617,0.5281888247,0.0,
,,0.2395021617,0.5281888247,0.0,
,,0.2395021617,0.5281888247,0.0,
,,0.2395021617,0.5281888247,0.0,
,,0.2395021617,0.5281888247,0.0,
,,0.2395021617,0.5281888247,0.0,
,,0.2395021617,0.5281888247,0.0,
,,0.2395021617,0.5281888247,0.0,
,,0.2395021617,0.5281888247,0.0,
,,0.2395021617,0.5281888247,0.0,
,,0.2395021617,0.5281888247,0.0,
,,0.2395021617,0.5281888247,0.0,
,,0.2395021617,0.5281888247,0.0,
,,0.2395021617,0.5281888247,0.0,
,,0.2395021617,0.5281888247,0.0,
,,0.2395021617,0.5281888247,0.0,
,,0.2395021617,0.5281888247,0.0,
,,0.2395021617,0.5281888247,0.0,
,,0.2395021617,0.5281888247,0.0,
,,0.2395021617,0.5281888247,0.0,
,,0.2395021617,0.5281888247,0.0,
,,0.2395021617,0.5281888247,0.0,
,,0.2395021617,0.5281888247,0.0,
,,0.2395021617,0.5281888247,0.0,
,,0.2395021617,0.5281888247,0.0,
,,0.2395021617,0.5281888247,0.0,
,,0.2395021617,0.5281888247,0.0,
,,0.2395021617,0.5281888247,0.0,
,,0.2395021617,0.5281888247,0.0,
,,0.2395021617,0.5281888247,0.0,
,,0.2395021617,0.5281888247,0.0,
,,0.2395021617,0.5281888247,0.0,
,,0.2395021617,0.5281888247,0.0,
,,0.2395021617,0.5281888247,0.0,
,,0.2395021617,0.5281888247,0.0,
,,0.2395021617,0.5281888247,0.0,
,,0.2395021617,0.5281888247,0.0,
,,0.2395021617,0.5281888247,0.0,
,,0.2395021617,0.5281888247,0.0,
,,0.2395021617,0.5281888247,0.0,
,,0.2395021617,0.5281888247,0.0,
,,0.2395021617,0.5281888247,0.0,
,,0.2395021617,0.5281888247,0.0,
,,0.2395021617,0.5281888247,0.0,
,,0.2395021617,0.5281888247,0.0,
,,0.2395021617,0.5281888247,0.0,
,,0.2395021617,0.5281888247,0.0,
,,0.2395021617,0.5281888247,0.0,
,,0.2395021617,0.5281888247,0.0,
,,0.2395021617,0.5281888247,0.0,
,,0.2395021617,0.5281888247,0.0,
,,0.2395021617,0.5281888247,0.0,
,,0.2395021617,0.5281888247,0.0,
,,0.2395021617,0.5281888247,0.0,
,,0.2395021617,0.5281888247,0.0,
,,0.2395021617,0.5281888247,0.0,
,,0.2395021617,0.5281888247,0.0,
,,0.2395021617,0.5281888247,0.0,
,,0.2395021617,0.5281888247,0.0,
,,0.2395021617,0.5281888247,0.0,
,,0.2395021617,0.5281888247,0.0,
,,0.2395021617,0.5281888247,0.0,
,,0.2395021617,0.5281888247,0.0,
,,0.2395021617,0.5281888247,0.0,
,,0.2395021617,0.5281888247,0.0,
,,0.2395021617,0.5281888247,0.0,
,,0.2395021617,0.5281888247,0.0,
,,0.2395021617,0.5281888247,0.0,
,,0.2395021617,0.5281888247,0.0,
,,0.2395021617,0.5281888247,0.0,
,,0.2395021617,0.5281888247,0.0,
,,0.2395021617,0.5281888247,0.0,
,,0.2395021617,0.5281888247,0.0,
,,0.2395021617,0.5281888247,0.0,
,,0.2395021617,0.5281888247,0.0,
,,0.2395021617,0.5281888247,0.0,
,,0.2395021617,0.5281888247,0.0,
,,0.2395021617,0.5281888247,0.0,
,,0.2395021617,0.5281888247,0.0,
,,0.2395021617,0.5281888247,0.0,
,,0.2395021617,0.5281888247,0.0,
,,0.2395021617,0.5281888247,0.0,
,,0.2395021617,0.5281888247,0.0,
,,0.2395021617,0.5281888247,0.0,
,,0.2395021617,0.5281888247,0.0,
,,0.2395021617,0.5281888247,0.0,
,,0.2395021617,0.5281888247,0.0,
,,0.2395021617,0.5281888247,0.0,
,,0.2395021617,0.5281888247,0.0,
,,0.2395021617,0.5281888247,0.0,
,,0.2395021617,0.5281888247,0.0,
,,0.2395021617,0.5281888247,0.0,
,,0.2395021617,0.5281888247,0.0,
,,0.2395021617,0.5281888247,0.0,
,,0.2395021617,0.5281888247,0.0,
,,0.2395021617,0.5281888247,0.0,
,,0.2395021617,0.5281888247,0.0,
,,0.2395021617,0.5281888247,0.0,
,,0.2395021617,0.5281888247,0.0,
,,0.2395021617,0.5281888247,0.0,
,,0.2395021617,0.5281888247,0.0,
,,0.2395021617,0.5281888247,0.0,
,,0.2395021617,0.5281888247,0.0,
,,0.2395021617,0.5281888247,0.0,
,,0.2395021617,0.5281888247,0.0,
,,0.2395021617,0.5281888247,0.0,
,,0.2395021617,0.5281888247,0.0,
,,0.2395021617,0.5281888247,0.0,
,,0.2395021617,0.5281888247,0.0,
,,0.2395021617,0.5281888247,0.0,
,,0.2395021617,0.5281888247,0.0,
,,0.2395021617,0.5281888247,0.0,
,,0.2395021617,0.5281888247,0.0,
,,0.2395021617,0.5281888247,0.0,
,,0.2395021617,0.5281888247,0.0,
,,0.2395021617,0.5281888247,0.0,
,,0.2395021617,0.5281888247,0.0,
,,0.2395021617,0.5281888247,0.0,
,,0.2395021617,0.5281888247,0.0,
,,0.2395021617,0.5281888247,0.0,
,,0.2395021617,0.5281888247,0.0,
,,0.2395021617,0.5281888247,0.0,
,,0.2395021617,0.5281888247,0.0,
,,0.2395021617,0.5281888247,0.0,
,,0.2395021617,0.5281888247,0.0,
,,0.2395021617,0.5281888247,0.0,
,,0.2395021617,0.5281888247,0.0,
,,0.2395021617,0.5281888247,0.0,
,,0.2395021617,0.5281888247,0.0,
,,0.2395021617,0.5281888247,0.0,
,,0.2395021617,0.5281888247,0.0,
,,0.2395021617,0.5281888247,0.0,
,,0.2395021617,0.5281888247,0.0,
,,0.2395021617,0.5281888247,0.0,
,,0.2395021617,0.5281888247,0.0,
,,0.2395021617,0.5281888247,0.0,
,,0.2395021617,0.5281888247,0.0,
,,0.2395021617,0.5281888247,0.0,
,,0.2395021617,0.5281888247,0.0,
,,0.2395021617,0.5281888247,0.0,
,,0.2395021617,0.5281888247,0.0,
,,0.2395021617,0.5281888247,0.0,
,,0.2395021617,0.5281888247,0.0,
,,0.2395021617,0.5281888247,0.0,
,,0.2395021617,0.5281888247,0.0,
,,0.2395021617,0.5281888247,0.0,
,,0.2395021617,0.5281888247,0.0,
,,0.2395021617,0.5281888247,0.0,
,,0.2395021617,0.5281888247,0.0,
,,0.2395021617,0.5281888247,0.0,
,,0.2395021617,0.5281888247,0.0,
,,0.2395021617,0.5281888247,0.0,
,,0.2395021617,0.5281888247,0.0,
,,0.2395021617,0.5281888247,0.0,
,,0.2395021617,0.5281888247,0.0,
,,0.2395021617,0.5281888247,0.0,
,,0.2395021617,0.5281888247,0.0,
,,0.2395021617,0.5281888247,0.0,
,,0.2395021617,0.5281888247,0.0,
,,0.2395021617,0.5281888247,0.0,
,,0.2395021617,0.5281888247,0.0,
8.0,Very good quality ,0.0100272913,0.1025027558,0.8874699473,Promoter
,,0.2395021617,0.5281888247,0.0,
,,0.2395021617,0.5281888247,0.0,
,,0.2395021617,0.5281888247,0.0,
5.0,It's ok ok product,0.0143508483,0.2087235153,0.776925683,Revised Promoter
,,0.2395021617,0.5281888247,0.0,
10.0,Because it's awesome ,0.0044095684,0.040094845,0.9554955363,Promoter
,,0.2395021617,0.5281888247,0.0,
,,0.2395021617,0.5281888247,0.0,
,,0.2395021617,0.5281888247,0.0,
,,0.2395021617,0.5281888247,0.0,
,,0.2395021617,0.5281888247,0.0,
10.0,Because its great,0.0067638485,0.061263375,0.9319728017,Promoter
,,0.2395021617,0.5281888247,0.0,
,,0.2395021617,0.5281888247,0.0,
10.0,"because its awesome
",0.0085982895,0.0604502335,0.9309514761,Promoter
,,0.2395021617,0.5281888247,0.0,
,,0.2395021617,0.5281888247,0.0,
,,0.2395021617,0.5281888247,0.0,
,,0.2395021617,0.5281888247,0.0,
9.0,it is goodd for all time,0.0021748964,0.0273966417,0.9704284668,Promoter
,,0.2395021617,0.5281888247,0.0,
,,0.2395021617,0.5281888247,0.0,
10.0,Best products,0.0102688028,0.179153204,0.810577929,Promoter
,,0.2395021617,0.5281888247,0.0,
,,0.2395021617,0.5281888247,0.0,
,,0.2395021617,0.5281888247,0.0,
9.0,very good,0.0060826829,0.0457061492,0.9482111931,Promoter
10.0,Best products,0.0102688028,0.179153204,0.810577929,Promoter
8.0,Very good ,0.0061574439,0.0540848635,0.9397577047,Promoter
10.0,Very good,0.005273812,0.0428517126,0.9518744946,Promoter
9.0,It is a good company to purchase furniture ,0.0036157013,0.0761172101,0.9202670455,Promoter
7.0,"Godrej is kind of average when it comes to furniture, and also doesn't provide emi, or furniture in rent like offers like Ikea does",0.8226659894,0.1660660207,0.0112680197,Detractor
,,0.2395021617,0.5281888247,0.0,
,,0.2395021617,0.5281888247,0.0,
,,0.2395021617,0.5281888247,0.0,
,,0.2395021617,0.5281888247,0.0,
,,0.2395021617,0.5281888247,0.0,
,,0.2395021617,0.5281888247,0.0,
10.0,Because I have used it's products and I'm satisfied ,0.0046526021,0.0748990476,0.9204483032,Promoter
,,0.2395021617,0.5281888247,0.0,
10.0,I have this product ,0.0293302648,0.5180746913,0.4525950551,Revised Detractor
,,0.2395021617,0.5281888247,0.0,
,,0.2395021617,0.5281888247,0.0,
,,0.2395021617,0.5281888247,0.0,
10.0,Because they are expert in making home storage and furniture with strong and sturdy structure.,0.0053825369,0.1812093407,0.8134081364,Promoter
,,0.2395021617,0.5281888247,0.0,
,,0.2395021617,0.5281888247,0.0,
,,0.2395021617,0.5281888247,0.0,
9.0,godrej has a very wide products in furniture with new technology,0.0047557717,0.3430003524,0.6522439122,Promoter
8.0,Good brand and service ,0.0124270665,0.148897469,0.8386754394,Promoter
9.0,Quality and durability,0.1474346817,0.6358693242,0.2166960686,Revised Detractor
10.0,it is very good product i always recommended this,0.0020578485,0.0115830544,0.9863590598,Promoter
,,0.2395021617,0.5281888247,0.0,
,,0.2395021617,0.5281888247,0.0,
9.0,I don't have any interest in it,0.7929727435,0.1975642592,0.0094630392,Revised Detractor
8.0,Godrej is one of the oldest brand with proven products.,0.002484777,0.1902247369,0.8072904944,Promoter
,,0.2395021617,0.5281888247,0.0,
8.0,THERES ARE PRETTY OTHER OPTION AVAILABLE IN TERMS OD QUAILTY,0.0145153496,0.3256897032,0.6597949266,Promoter
5.0,I had purchased godrej wardrobe ,0.0883997828,0.8297456503,0.0818545744,Detractor
9.0,Because of its modernisation,0.0987666175,0.8078004122,0.0934330225,Revised Detractor
9.0,Godrej is very trusted company ,0.0067262552,0.2092841715,0.7839895487,Promoter
10.0,Because they are a big and reliable name in furniture ,0.0056552528,0.2009568512,0.7933879495,Promoter
7.0,"Godrej has variety of furniture and appliances, but when compared to other brands it's limited",0.0768329874,0.8076765537,0.1154904366,Detractor
7.0,Expensive,0.3335812688,0.5832723379,0.0831463486,Detractor
,,0.2395021617,0.5281888247,0.0,
,,0.2395021617,0.5281888247,0.0,
10.0,Godrej is one of the best product for home furniture. Because it's easier to access the whole area. It's best and top brand.,0.0012582543,0.0190360416,0.9797057509,Promoter
10.0,GOOD,0.062184833,0.2971434891,0.64067173,Promoter
9.0,Good quality but costly ,0.2779926956,0.5330853462,0.1889219582,Revised Detractor
3.0,I'm not satisfied with home furniture and kitchen products of godrej,0.9422299266,0.0549787171,0.0027913232,Detractor
9.0,I like this brand very much and i think it is one of the best in the market ,0.0012864725,0.0108095733,0.9879040122,Promoter
10.0,It's good for many people ,0.003493645,0.0569757894,0.9395305514,Promoter
,,0.2395021617,0.5281888247,0.0,
,,0.2395021617,0.5281888247,0.0,
7.0,Because I have already used it and I felt like the performance of it made me give the above score,0.0075585977,0.3560267389,0.6364147067,Revised Promoter
6.0,it is a wonderful brand assuring best in class service and quality,0.0026275225,0.0231095292,0.9742630124,Revised Promoter
7.0,Brand recognition and product quality,0.0447716266,0.6784082651,0.2768201232,Detractor
6.0,"Godrej is overall good brand, they don't have enought products in Kitchen storage and Furniture ",0.0616498813,0.3138030767,0.6245470047,Revised Promoter
9.0,"Because their making of product is very good and their after sales service are also good, they have wide varieties ",0.0016981727,0.0212348867,0.9770669341,Promoter
,,0.2395021617,0.5281888247,0.0,
10.0,Durability ,0.1535175592,0.672105968,0.1743764728,Revised Detractor
,,0.2395021617,0.5281888247,0.0,
,,0.2395021617,0.5281888247,0.0,
,,0.2395021617,0.5281888247,0.0,
,,0.2395021617,0.5281888247,0.0,
,,0.2395021617,0.5281888247,0.0,
,,0.2395021617,0.5281888247,0.0,
,,0.2395021617,0.5281888247,0.0,
,,0.2395021617,0.5281888247,0.0,
,,0.2395021617,0.5281888247,0.0,
,,0.2395021617,0.5281888247,0.0,
,,0.2395021617,0.5281888247,0.0,
,,0.2395021617,0.5281888247,0.0,
,,0.2395021617,0.5281888247,0.0,
,,0.2395021617,0.5281888247,0.0,
9.0,Well know and stays new so many years,0.0598021783,0.7610295415,0.1791682988,Revised Detractor
8.0,I like the quality,0.0079186736,0.1037827879,0.8882985115,Promoter
,,0.2395021617,0.5281888247,0.0,
,,0.2395021617,0.5281888247,0.0,
,,0.2395021617,0.5281888247,0.0,
,,0.2395021617,0.5281888247,0.0,
,,0.2395021617,0.5281888247,0.0,
10.0,Very nice furniture,0.0042692753,0.0417845882,0.9539461136,Promoter
,,0.2395021617,0.5281888247,0.0,
10.0,very nice,0.0066650845,0.0465717837,0.9467630982,Promoter
,,0.2395021617,0.5281888247,0.0,
,,0.2395021617,0.5281888247,0.0,
,,0.2395021617,0.5281888247,0.0,
9.0,Good quality ,0.0217298735,0.2667070031,0.71156317,Promoter
7.0,As per the user experience ,0.0532985143,0.8266826272,0.1200188771,Detractor
,,0.2395021617,0.5281888247,0.0,
8.0,Quality is ok and gives discounts ,0.0186764318,0.3054689765,0.6758546233,Promoter
,,0.2395021617,0.5281888247,0.0,
7.0,10,,,,
6.0,Godrej Almirah does not have same space for cloth as custom made in less price,0.433535099,0.5427882671,0.0236766096,Detractor
,,0.2395021617,0.5281888247,0.0,
10.0,Because it is very good quality of products and design are available ,0.0050763381,0.0713918135,0.9235318899,Promoter
,,0.2395021617,0.5281888247,0.0,
,,0.2395021617,0.5281888247,0.0,
,,0.2395021617,0.5281888247,0.0,
,,0.2395021617,0.5281888247,0.0,
8.0,Thus is the first day of mine is very good and very good at what you do for the busy time for me when we are all set maan v,0.0015273418,0.0151906824,0.9832820296,Promoter
7.0,Because we have been using this brand,0.1852592975,0.761867404,0.0528732836,Detractor
9.0,I am using this brand and it is good,0.0013263483,0.0144941481,0.9841795564,Promoter
5.0,"Godrej is a well known brand in India since many years who are makers of Office furniture, lockers, I ron safes etc.. but I'm not sure Whether kitchen furniture is to the expectations or not.",0.1668821275,0.748220861,0.0848969966,Detractor
9.0,It's a quiet meal at home with my kids,0.0173534844,0.6709784865,0.3116680086,Revised Detractor
10.0,GOOD QUALITY PRODUCT AT BEST PRICE,0.0071646343,0.0917825624,0.9010528326,Promoter
8.0,Some products are not up to the mark in godrej.it is known for few selected things..i think so,0.7538164258,0.2343969792,0.0117865624,Detractor
7.0,Need more advertising and more options and increase showrooms and services ,0.0236856062,0.5590960383,0.4172183573,Detractor
,,0.2395021617,0.5281888247,0.0,
,,0.2395021617,0.5281888247,0.0,
8.0,Because of their furniture are very strong and long lasting.,0.0027513886,0.0768774748,0.9203711748,Promoter
6.0,Just heard about it and not used much so..,0.3929359615,0.5614550114,0.0456091203,Detractor
9.0,Godrej is number one brand in India which is very old brand and can trust easily ,0.0070340931,0.2105442286,0.7824216485,Promoter
,,0.2395021617,0.5281888247,0.0,
9.0,Good,0.0607934222,0.3294278681,0.6097786427,Promoter
,,0.2395021617,0.5281888247,0.0,
,,0.2395021617,0.5281888247,0.0,
9.0,It's very good and sweet ,0.00194038,0.0154067036,0.9826529026,Promoter
,,0.2395021617,0.5281888247,0.0,
,,0.2395021617,0.5281888247,0.0,
8.0,Quality and quantity are good of this product,0.0042469651,0.0706959963,0.9250570536,Promoter
,,0.2395021617,0.5281888247,0.0,
,,0.2395021617,0.5281888247,0.0,
,,0.2395021617,0.5281888247,0.0,
,,0.2395021617,0.5281888247,0.0,
,,0.2395021617,0.5281888247,0.0,
,,0.2395021617,0.5281888247,0.0,
,,0.2395021617,0.5281888247,0.0,
,,0.2395021617,0.5281888247,0.0,
,,0.2395021617,0.5281888247,0.0,
,,0.2395021617,0.5281888247,0.0,
9.0,it is good,0.0041315891,0.0275742672,0.9682941437,Promoter
10.0,"Godrej is the best products brand company
I believe that company
",0.0027744025,0.0259189904,0.971306622,Promoter
10.0,It's a good brand. We can trust this brand,0.0016434945,0.0354122892,0.9629442692,Promoter
,,0.2395021617,0.5281888247,0.0,
,,0.2395021617,0.5281888247,0.0,
,,0.2395021617,0.5281888247,0.0,
10.0,Beacuse it's a very wonderful company which full fill my wishes and most people like it very much I like it very much.,0.0015030584,0.0103151947,0.9881817698,Promoter
,,0.2395021617,0.5281888247,0.0,
,,0.2395021617,0.5281888247,0.0,
10.0,Godrej is very Big brand and i always show the add on tv and others platform and my experiences is very good for godrej,0.0018922706,0.0476485565,0.9504591227,Promoter
,,0.2395021617,0.5281888247,0.0,
9.0,Godrej is affordable for purchasing the furniture as well all variety of furniture is available... ,0.0036635969,0.1914545447,0.8048818111,Promoter
9.0,Good brand ,0.0159085132,0.2201441675,0.7639473677,Promoter
,,0.2395021617,0.5281888247,0.0,
,,0.2395021617,0.5281888247,0.0,
9.0,Good and easy to use good brand,0.0035070591,0.0476533659,0.9488395452,Promoter
,,0.2395021617,0.5281888247,0.0,
9.0,Its a reputed brand ,0.1308784783,0.7663016915,0.1028198898,Revised Detractor
,,0.2395021617,0.5281888247,0.0,
10.0,Durable and realibility,0.0163846686,0.475094825,0.5085205436,Promoter
7.0,I am satisfied ,0.0058311424,0.0688411668,0.9253276587,Revised Promoter
9.0,Still lot of products should come with innovation,0.0143487193,0.3371428847,0.6485084295,Promoter
,,0.2395021617,0.5281888247,0.0,
,,0.2395021617,0.5281888247,0.0,
,,0.2395021617,0.5281888247,0.0,
,,0.2395021617,0.5281888247,0.0,
8.0,Good quality and innovations to save space and great designs,0.0067300405,0.1179714352,0.8752985001,Promoter
,,0.2395021617,0.5281888247,0.0,
6.0,Godrej brand applications are somewhat good to use.,0.0030562701,0.0657307953,0.9312129021,Revised Promoter
9.0,very good products,0.0061822464,0.0599843748,0.9338333011,Promoter
,,0.2395021617,0.5281888247,0.0,
10.0,Because it makes high quality products and a reasonable price ,0.007500465,0.1389855593,0.8535140157,Promoter
,,0.2395021617,0.5281888247,0.0,
10.0,It's good brand ,0.007890611,0.1383232772,0.8537861109,Promoter
,,0.2395021617,0.5281888247,0.0,
9.0,Popular brand ,0.1421563178,0.7511071563,0.1067364812,Revised Detractor
,,0.2395021617,0.5281888247,0.0,
10.0,Trustworthy brand. Very reliable and good products. Amazing customer service.,0.0023695654,0.0279021021,0.9697283506,Promoter
4.0,Poor servicing ,0.7801744938,0.1976103932,0.022215154,Detractor
,,0.2395021617,0.5281888247,0.0,
,,0.2395021617,0.5281888247,0.0,
10.0,Godrej is one of the best furniture brand that manufactured sturdy furniture.,0.0016976908,0.0274192337,0.9708830118,Promoter
,,0.2395021617,0.5281888247,0.0,
,,0.2395021617,0.5281888247,0.0,
7.0,Have not heard much about this brand in furniture and home appliances category ,0.3659233153,0.5855549574,0.0485217385,Detractor
10.0,Best sellers,0.0169162266,0.4660763144,0.5170074701,Promoter
,,0.2395021617,0.5281888247,0.0,
9.0,It's a reputed brand,0.1179277375,0.8053911328,0.0766810179,Revised Detractor
,,0.2395021617,0.5281888247,0.0,
,,0.2395021617,0.5281888247,0.0,
7.0,IT IS TRUSTED BRAND,0.0199677944,0.5590141416,0.4210180342,Detractor
,,0.2395021617,0.5281888247,0.0,
9.0,Because i use this brand,0.0875445381,0.7993762493,0.1130791903,Revised Detractor
10.0,Extremely good quality and safety ,0.0064995703,0.0822062939,0.9112941027,Promoter
8.0,not have a good customer service,0.7862805128,0.1926286519,0.0210908353,Detractor
9.0,It`s a trusted brand with good built quality and last long,0.0022470483,0.093478702,0.9042742848,Promoter
8.0,Heard a lot about this.,0.1360494047,0.8181858063,0.0457647704,Detractor
,,0.2395021617,0.5281888247,0.0,
,,0.2395021617,0.5281888247,0.0,
1.0,Its just good,0.0066484483,0.0429400876,0.9504114389,Revised Promoter
10.0,"It is a trusted, renowned company with excellent, modern designs and is known for consistency in quality and service",0.0016031307,0.0361348577,0.9622620344,Promoter
,,0.2395021617,0.5281888247,0.0,
9.0,The leading company of India and excellent brand ,0.0028372067,0.0716171041,0.9255456328,Promoter
9.0,Because I am very likely to recommend ,0.006717308,0.1500513554,0.84323138,Promoter
,,0.2395021617,0.5281888247,0.0,
,,0.2395021617,0.5281888247,0.0,
,,0.2395021617,0.5281888247,0.0,
10.0,Godrej is the best company,0.0025309413,0.0203263629,0.9771426916,Promoter
,,0.2395021617,0.5281888247,0.0,
,,0.2395021617,0.5281888247,0.0,
9.0,Iys different from other brands,0.1620822996,0.7736898065,0.064227961,Revised Detractor
,,0.2395021617,0.5281888247,0.0,
,,0.2395021617,0.5281888247,0.0,
8.0,It is a good brand and personally I haven't purchased any large furniture so I am nt much awre,0.0411027595,0.2444790602,0.7144181728,Promoter
,,0.2395021617,0.5281888247,0.0,
,,0.2395021617,0.5281888247,0.0,
,,0.2395021617,0.5281888247,0.0,
9.0,Quality is very good. ,0.0067554852,0.0672874525,0.9259570837,Promoter
,,0.2395021617,0.5281888247,0.0,
,,0.2395021617,0.5281888247,0.0,
9.0,Because this is a old and valuable brand,0.0367412418,0.3793514371,0.5839073658,Promoter
,,0.2395021617,0.5281888247,0.0,
8.0,Godrej provides good quality appliances.,0.0089367088,0.1952438504,0.7958194017,Promoter
10.0,Easy to use ,0.0145174181,0.1729567647,0.8125258088,Promoter
,,0.2395021617,0.5281888247,0.0,
,,0.2395021617,0.5281888247,0.0,
,,0.2395021617,0.5281888247,0.0,
5.0,7,,,,
,,0.2395021617,0.5281888247,0.0,
10.0,It is well known brand and trustworthy brand ,0.0056424895,0.2093816549,0.7849758267,Promoter
,,0.2395021617,0.5281888247,0.0,
10.0,I used godrej furniture and it's good,0.0018112211,0.0279556513,0.9702330828,Promoter
,,0.2395021617,0.5281888247,0.0,
,,0.2395021617,0.5281888247,0.0,
,,0.2395021617,0.5281888247,0.0,
9.0,Bec it has very good product with more durability and have many options ,0.0034611176,0.0597510226,0.9367878437,Promoter
7.0,Best and strong one,0.0046446072,0.1522835046,0.843071878,Revised Promoter
,,0.2395021617,0.5281888247,0.0,
8.0,Good product,0.0086584734,0.0993220285,0.8920195699,Promoter
,,0.2395021617,0.5281888247,0.0,
,,0.2395021617,0.5281888247,0.0,
9.0,best,0.09775576,0.4573574662,0.4448868036,Revised Detractor
10.0,Comfort ,0.026669303,0.5263249874,0.4470057189,Revised Detractor
,,0.2395021617,0.5281888247,0.0,
10.0,Because godrej is a good brand,0.0052480334,0.123095274,0.8716567159,Promoter
10.0,I like very much,0.0042921305,0.0498839244,0.9458239079,Promoter
,,0.2395021617,0.5281888247,0.0,
,,0.2395021617,0.5281888247,0.0,
10.0,It's very well known company since from 20 year it's my personal trusted ,0.0032538329,0.1144210845,0.8823251128,Promoter
10.0,Since it is valued authentic india company,0.006205224,0.3080437779,0.6857509613,Promoter
,,0.2395021617,0.5281888247,0.0,
10.0,It is famous company and products is very good and long lasting ,0.0018625295,0.0235034507,0.9746340513,Promoter
3.0,It has very low brand image with low publicity ,0.8525055051,0.1366163194,0.0108782221,Detractor
10.0,Mostly uses by all customers.,0.0242471211,0.693909049,0.2818439305,Revised Detractor
,,0.2395021617,0.5281888247,0.0,
8.0,"Godrej has a variety of products that are durable, however, it doesn't match my taste in terms of design, finishing, look, and feel.",0.5543844104,0.4003710449,0.0452445336,Detractor
,,0.2395021617,0.5281888247,0.0,
10.0,It's very well known company since from 20 year and it's my personal trusted company ,0.0022482721,0.0823177323,0.9154340029,Promoter
8.0,"One of trusted brand in india ,quality, standards ",0.0051977066,0.2147379071,0.780064404,Promoter
8.0,Quality is good ,0.0115250591,0.1370592713,0.8514156938,Promoter
10.0,Durable ,0.0708498582,0.5567888618,0.3723612726,Revised Detractor
,,0.2395021617,0.5281888247,0.0,
8.0,Because it deserves that much of rating and review,0.0350672528,0.4566725791,0.5082601905,Promoter
,,0.2395021617,0.5281888247,0.0,
,,0.2395021617,0.5281888247,0.0,
,,0.2395021617,0.5281888247,0.0,
,,0.2395021617,0.5281888247,0.0,
,,0.2395021617,0.5281888247,0.0,
,,0.2395021617,0.5281888247,0.0,
,,0.2395021617,0.5281888247,0.0,
,,0.2395021617,0.5281888247,0.0,
,,0.2395021617,0.5281888247,0.0,
,,0.2395021617,0.5281888247,0.0,
,,0.2395021617,0.5281888247,0.0,
,,0.2395021617,0.5281888247,0.0,
,,0.2395021617,0.5281888247,0.0,
,,0.2395021617,0.5281888247,0.0,
,,0.2395021617,0.5281888247,0.0,
,,0.2395021617,0.5281888247,0.0,
,,0.2395021617,0.5281888247,0.0,
,,0.2395021617,0.5281888247,0.0,
,,0.2395021617,0.5281888247,0.0,
,,0.2395021617,0.5281888247,0.0,
,,0.2395021617,0.5281888247,0.0,
,,0.2395021617,0.5281888247,0.0,
,,0.2395021617,0.5281888247,0.0,
,,0.2395021617,0.5281888247,0.0,
,,0.2395021617,0.5281888247,0.0,
,,0.2395021617,0.5281888247,0.0,
,,0.2395021617,0.5281888247,0.0,
,,0.2395021617,0.5281888247,0.0,
,,0.2395021617,0.5281888247,0.0,
,,0.2395021617,0.5281888247,0.0,
,,0.2395021617,0.5281888247,0.0,
,,0.2395021617,0.5281888247,0.0,
,,0.2395021617,0.5281888247,0.0,
,,0.2395021617,0.5281888247,0.0,
,,0.2395021617,0.5281888247,0.0,
,,0.2395021617,0.5281888247,0.0,
,,0.2395021617,0.5281888247,0.0,
,,0.2395021617,0.5281888247,0.0,
,,0.2395021617,0.5281888247,0.0,
,,0.2395021617,0.5281888247,0.0,
,,0.2395021617,0.5281888247,0.0,
,,0.2395021617,0.5281888247,0.0,
,,0.2395021617,0.5281888247,0.0,
,,0.2395021617,0.5281888247,0.0,
,,0.2395021617,0.5281888247,0.0,
,,0.2395021617,0.5281888247,0.0,
,,0.2395021617,0.5281888247,0.0,
,,0.2395021617,0.5281888247,0.0,
,,0.2395021617,0.5281888247,0.0,
,,0.2395021617,0.5281888247,0.0,
,,0.2395021617,0.5281888247,0.0,
,,0.2395021617,0.5281888247,0.0,
,,0.2395021617,0.5281888247,0.0,
,,0.2395021617,0.5281888247,0.0,
,,0.2395021617,0.5281888247,0.0,
